[14:59:56] 🚀 BTC自动交易启动 v2.21 | 2秒轮询 | 20x | 首仓0.025+补仓0.035BTC | 上限2仓
[14:59:56] v2.21: 信号1 RSI 30→20 | 信号3/6 1h ADX→<30 | v2.18: 全局4h ADX<35
[14:59:56] v2.10: 补仓撤销旧SL/TP，以新均价重新挂单 | 有信号就开仓追加
[14:59:58] ⚠️ 检测到 1 个仓位，合计 0.12 BTC
[14:59:58]   仓1: long 0.12 BTC @ $78,718.70 | SL=$76,357 TP=$82,655

╔══════════════════════════════════════════════════════════════╗
║  BTC AUTO-TRADE  14:59:59                        ║
╠══════════════════════════════════════════════════════════════╣
║  💰    76,876.60  |  ATR:    362  |  %b: 0.574 ⚖️正常       ║
╠══════════════════════════════════════════════════════════════╣
║  4h: 📉  |  1d: 📉  |  RSI: ⚖️51.6        ║
╠══════════════════════════════════════════════════════════════╣
║  📊 持仓: LONG x 1仓 共0.12 BTC  |  📉-2.34%    ║
║  仓1: SL$76,357 TP$82,655 @ $78,719 (0.12BTC)  ║
╠══════════════════════════════════════════════════════════════╣
║  🎯 【做多-v2.2】大周期空头+5m超卖反弹
理由: 4h+1d均线空头,价格跌至布林下轨偏离-0.0%
║
╚══════════════════════════════════════════════════════════════╝

╔══════════════════════════════════════════════════════════════╗
║  BTC AUTO-TRADE  15:00:03                        ║
╠══════════════════════════════════════════════════════════════╣
║  💰    76,881.40  |  ATR:    362  |  %b: 0.586 ⚖️正常       ║
╠══════════════════════════════════════════════════════════════╣
║  4h: 📉  |  1d: 📉  |  RSI: ⚖️51.9        ║
╠══════════════════════════════════════════════════════════════╣
║  📊 持仓: LONG x 1仓 共0.12 BTC  |  📉-2.33%    ║
║  仓1: SL$76,357 TP$82,655 @ $78,719 (0.12BTC)  ║
╠══════════════════════════════════════════════════════════════╣
║  🎯 【做多-v2.2】大周期空头+5m超卖反弹
理由: 4h+1d均线空头,价格跌至布林下轨偏离-0.0%
║
╚══════════════════════════════════════════════════════════════╝

╔══════════════════════════════════════════════════════════════╗
║  BTC AUTO-TRADE  15:00:05                        ║
╠══════════════════════════════════════════════════════════════╣
║  💰    76,906.70  |  ATR:    339  |  %b: 0.672 ⚖️正常       ║
╠══════════════════════════════════════════════════════════════╣
║  4h: 📉  |  1d: 📉  |  RSI: ⚖️53.5        ║
╠══════════════════════════════════════════════════════════════╣
║  📊 持仓: LONG x 1仓 共0.12 BTC  |  📉-2.30%    ║
║  仓1: SL$76,357 TP$82,655 @ $78,719 (0.12BTC)  ║
╠══════════════════════════════════════════════════════════════╣
║  🎯 【做多-v2.2】大周期空头+5m超卖反弹
理由: 4h+1d均线空头,价格跌至布林下轨偏离-0.0%
║
╚══════════════════════════════════════════════════════════════╝

╔══════════════════════════════════════════════════════════════╗
║  BTC AUTO-TRADE  15:00:08                        ║
╠══════════════════════════════════════════════════════════════╣
║  💰    76,925.00  |  ATR:    339  |  %b: 0.717 ⚖️正常       ║
╠══════════════════════════════════════════════════════════════╣
║  4h: 📉  |  1d: 📉  |  RSI: ⚖️54.6        ║
╠══════════════════════════════════════════════════════════════╣
║  📊 持仓: LONG x 1仓 共0.12 BTC  |  📉-2.28%    ║
║  仓1: SL$76,357 TP$82,655 @ $78,719 (0.12BTC)  ║
╠══════════════════════════════════════════════════════════════╣
║  🎯 【做多-v2.2】大周期空头+5m超卖反弹
理由: 4h+1d均线空头,价格跌至布林下轨偏离-0.0%
║
╚══════════════════════════════════════════════════════════════╝

╔══════════════════════════════════════════════════════════════╗
║  BTC AUTO-TRADE  15:00:10                        ║
╠══════════════════════════════════════════════════════════════╣
║  💰    76,912.20  |  ATR:    339  |  %b: 0.686 ⚖️正常       ║
╠══════════════════════════════════════════════════════════════╣
║  4h: 📉  |  1d: 📉  |  RSI: ⚖️53.8        ║
╠══════════════════════════════════════════════════════════════╣
║  📊 持仓: LONG x 1仓 共0.12 BTC  |  📉-2.29%    ║
║  仓1: SL$76,357 TP$82,655 @ $78,719 (0.12BTC)  ║
╠══════════════════════════════════════════════════════════════╣
║  🎯 【做多-v2.2】大周期空头+5m超卖反弹
理由: 4h+1d均线空头,价格跌至布林下轨偏离-0.0%
║
╚══════════════════════════════════════════════════════════════╝

╔══════════════════════════════════════════════════════════════╗
║  BTC AUTO-TRADE  15:00:12                        ║
╠══════════════════════════════════════════════════════════════╣
║  💰    76,912.20  |  ATR:    339  |  %b: 0.686 ⚖️正常       ║
╠══════════════════════════════════════════════════════════════╣
║  4h: 📉  |  1d: 📉  |  RSI: ⚖️53.8        ║
╠══════════════════════════════════════════════════════════════╣
║  📊 持仓: LONG x 1仓 共0.12 BTC  |  📉-2.29%    ║
║  仓1: SL$76,357 TP$82,655 @ $78,719 (0.12BTC)  ║
╠══════════════════════════════════════════════════════════════╣
║  🎯 【做多-v2.2】大周期空头+5m超卖反弹
理由: 4h+1d均线空头,价格跌至布林下轨偏离-0.0%
║
╚══════════════════════════════════════════════════════════════╝
[15:00:13] ✅ SL/TP检查正常 (交易所查询) 1个仓位全部完整

╔══════════════════════════════════════════════════════════════╗
║  BTC AUTO-TRADE  15:00:15                        ║
╠══════════════════════════════════════════════════════════════╣
║  💰    76,916.40  |  ATR:    339  |  %b: 0.696 ⚖️正常       ║
╠══════════════════════════════════════════════════════════════╣
║  4h: 📉  |  1d: 📉  |  RSI: ⚖️54.1        ║
╠══════════════════════════════════════════════════════════════╣
║  📊 持仓: LONG x 1仓 共0.12 BTC  |  📉-2.29%    ║
║  仓1: SL$76,357 TP$82,655 @ $78,719 (0.12BTC)  ║
╠══════════════════════════════════════════════════════════════╣
║  🎯 【做多-v2.2】大周期空头+5m超卖反弹
理由: 4h+1d均线空头,价格跌至布林下轨偏离-0.0%
║
╚══════════════════════════════════════════════════════════════╝

╔══════════════════════════════════════════════════════════════╗
║  BTC AUTO-TRADE  15:00:17                        ║
╠══════════════════════════════════════════════════════════════╣
║  💰    76,940.00  |  ATR:    340  |  %b: 0.754 ⚖️正常       ║
╠══════════════════════════════════════════════════════════════╣
║  4h: 📉  |  1d: 📉  |  RSI: ⚖️55.5        ║
╠══════════════════════════════════════════════════════════════╣
║  📊 持仓: LONG x 1仓 共0.12 BTC  |  📉-2.26%    ║
║  仓1: SL$76,357 TP$82,655 @ $78,719 (0.12BTC)  ║
╠══════════════════════════════════════════════════════════════╣
║  🎯 【做多-v2.2】大周期空头+5m超卖反弹
理由: 4h+1d均线空头,价格跌至布林下轨偏离-0.0%
║
╚══════════════════════════════════════════════════════════════╝

╔══════════════════════════════════════════════════════════════╗
║  BTC AUTO-TRADE  15:00:20                        ║
╠══════════════════════════════════════════════════════════════╣
║  💰    76,939.90  |  ATR:    340  |  %b: 0.753 ⚖️正常       ║
╠══════════════════════════════════════════════════════════════╣
║  4h: 📉  |  1d: 📉  |  RSI: ⚖️55.5        ║
╠══════════════════════════════════════════════════════════════╣
║  📊 持仓: LONG x 1仓 共0.12 BTC  |  📉-2.26%    ║
║  仓1: SL$76,357 TP$82,655 @ $78,719 (0.12BTC)  ║
╠══════════════════════════════════════════════════════════════╣
║  🎯 【做多-v2.2】大周期空头+5m超卖反弹
理由: 4h+1d均线空头,价格跌至布林下轨偏离-0.0%
║
╚══════════════════════════════════════════════════════════════╝

╔══════════════════════════════════════════════════════════════╗
║  BTC AUTO-TRADE  15:00:22                        ║
╠══════════════════════════════════════════════════════════════╣
║  💰    76,939.90  |  ATR:    340  |  %b: 0.753 ⚖️正常       ║
╠══════════════════════════════════════════════════════════════╣
║  4h: 📉  |  1d: 📉  |  RSI: ⚖️55.5        ║
╠══════════════════════════════════════════════════════════════╣
║  📊 持仓: LONG x 1仓 共0.12 BTC  |  📉-2.26%    ║
║  仓1: SL$76,357 TP$82,655 @ $78,719 (0.12BTC)  ║
╠══════════════════════════════════════════════════════════════╣
║  🎯 【做多-v2.2】大周期空头+5m超卖反弹
理由: 4h+1d均线空头,价格跌至布林下轨偏离-0.0%
║
╚══════════════════════════════════════════════════════════════╝

╔══════════════════════════════════════════════════════════════╗
║  BTC AUTO-TRADE  15:00:25                        ║
╠══════════════════════════════════════════════════════════════╣
║  💰    76,954.10  |  ATR:    340  |  %b: 0.787 ⚖️正常       ║
╠══════════════════════════════════════════════════════════════╣
║  4h: 📉  |  1d: 📉  |  RSI: ⚖️56.3        ║
╠══════════════════════════════════════════════════════════════╣
║  📊 持仓: LONG x 1仓 共0.12 BTC  |  📉-2.24%    ║
║  仓1: SL$76,357 TP$82,655 @ $78,719 (0.12BTC)  ║
╠══════════════════════════════════════════════════════════════╣
║  🎯 【做多-v2.2】大周期空头+5m超卖反弹
理由: 4h+1d均线空头,价格跌至布林下轨偏离-0.0%
║
╚══════════════════════════════════════════════════════════════╝

╔══════════════════════════════════════════════════════════════╗
║  BTC AUTO-TRADE  15:00:27                        ║
╠══════════════════════════════════════════════════════════════╣
║  💰    76,955.80  |  ATR:    342  |  %b: 0.791 ⚖️正常       ║
╠══════════════════════════════════════════════════════════════╣
║  4h: 📉  |  1d: 📉  |  RSI: ⚖️56.3        ║
╠══════════════════════════════════════════════════════════════╣
║  📊 持仓: LONG x 1仓 共0.12 BTC  |  📉-2.24%    ║
║  仓1: SL$76,357 TP$82,655 @ $78,719 (0.12BTC)  ║
╠══════════════════════════════════════════════════════════════╣
║  🎯 【做多-v2.2】大周期空头+5m超卖反弹
理由: 4h+1d均线空头,价格跌至布林下轨偏离-0.0%
║
╚══════════════════════════════════════════════════════════════╝
[15:00:27] ✅ SL/TP检查正常 (交易所查询) 1个仓位全部完整

╔══════════════════════════════════════════════════════════════╗
║  BTC AUTO-TRADE  15:00:30                        ║
╠══════════════════════════════════════════════════════════════╣
║  💰    76,955.00  |  ATR:    342  |  %b: 0.789 ⚖️正常       ║
╠══════════════════════════════════════════════════════════════╣
║  4h: 📉  |  1d: 📉  |  RSI: ⚖️56.3        ║
╠══════════════════════════════════════════════════════════════╣
║  📊 持仓: LONG x 1仓 共0.12 BTC  |  📉-2.24%    ║
║  仓1: SL$76,357 TP$82,655 @ $78,719 (0.12BTC)  ║
╠══════════════════════════════════════════════════════════════╣
║  🎯 【做多-v2.2】大周期空头+5m超卖反弹
理由: 4h+1d均线空头,价格跌至布林下轨偏离-0.0%
║
╚══════════════════════════════════════════════════════════════╝

╔══════════════════════════════════════════════════════════════╗
║  BTC AUTO-TRADE  15:00:32                        ║
╠══════════════════════════════════════════════════════════════╣
║  💰    76,949.90  |  ATR:    342  |  %b: 0.777 ⚖️正常       ║
╠══════════════════════════════════════════════════════════════╣
║  4h: 📉  |  1d: 📉  |  RSI: ⚖️56.0        ║
╠══════════════════════════════════════════════════════════════╣
║  📊 持仓: LONG x 1仓 共0.12 BTC  |  📉-2.25%    ║
║  仓1: SL$76,357 TP$82,655 @ $78,719 (0.12BTC)  ║
╠══════════════════════════════════════════════════════════════╣
║  🎯 【做多-v2.2】大周期空头+5m超卖反弹
理由: 4h+1d均线空头,价格跌至布林下轨偏离-0.0%
║
╚══════════════════════════════════════════════════════════════╝

╔══════════════════════════════════════════════════════════════╗
║  BTC AUTO-TRADE  15:00:35                        ║
╠══════════════════════════════════════════════════════════════╣
║  💰    76,938.00  |  ATR:    342  |  %b: 0.749 ⚖️正常       ║
╠══════════════════════════════════════════════════════════════╣
║  4h: 📉  |  1d: 📉  |  RSI: ⚖️55.4        ║
╠══════════════════════════════════════════════════════════════╣
║  📊 持仓: LONG x 1仓 共0.12 BTC  |  📉-2.26%    ║
║  仓1: SL$76,357 TP$82,655 @ $78,719 (0.12BTC)  ║
╠══════════════════════════════════════════════════════════════╣
║  🎯 【做多-v2.2】大周期空头+5m超卖反弹
理由: 4h+1d均线空头,价格跌至布林下轨偏离-0.0%
║
╚══════════════════════════════════════════════════════════════╝

╔══════════════════════════════════════════════════════════════╗
║  BTC AUTO-TRADE  15:00:37                        ║
╠══════════════════════════════════════════════════════════════╣
║  💰    76,938.10  |  ATR:    342  |  %b: 0.749 ⚖️正常       ║
╠══════════════════════════════════════════════════════════════╣
║  4h: 📉  |  1d: 📉  |  RSI: ⚖️55.4        ║
╠══════════════════════════════════════════════════════════════╣
║  📊 持仓: LONG x 1仓 共0.12 BTC  |  📉-2.26%    ║
║  仓1: SL$76,357 TP$82,655 @ $78,719 (0.12BTC)  ║
╠══════════════════════════════════════════════════════════════╣
║  🎯 【做多-v2.2】大周期空头+5m超卖反弹
理由: 4h+1d均线空头,价格跌至布林下轨偏离-0.0%
║
╚══════════════════════════════════════════════════════════════╝

╔══════════════════════════════════════════════════════════════╗
║  BTC AUTO-TRADE  15:00:40                        ║
╠══════════════════════════════════════════════════════════════╣
║  💰    76,938.10  |  ATR:    342  |  %b: 0.749 ⚖️正常       ║
╠══════════════════════════════════════════════════════════════╣
║  4h: 📉  |  1d: 📉  |  RSI: ⚖️55.4        ║
╠══════════════════════════════════════════════════════════════╣
║  📊 持仓: LONG x 1仓 共0.12 BTC  |  📉-2.26%    ║
║  仓1: SL$76,357 TP$82,655 @ $78,719 (0.12BTC)  ║
╠══════════════════════════════════════════════════════════════╣
║  🎯 【做多-v2.2】大周期空头+5m超卖反弹
理由: 4h+1d均线空头,价格跌至布林下轨偏离-0.0%
║
╚══════════════════════════════════════════════════════════════╝

╔══════════════════════════════════════════════════════════════╗
║  BTC AUTO-TRADE  15:00:42                        ║
╠══════════════════════════════════════════════════════════════╣
║  💰    76,924.60  |  ATR:    342  |  %b: 0.716 ⚖️正常       ║
╠══════════════════════════════════════════════════════════════╣
║  4h: 📉  |  1d: 📉  |  RSI: ⚖️54.6        ║
╠══════════════════════════════════════════════════════════════╣
║  📊 持仓: LONG x 1仓 共0.12 BTC  |  📉-2.28%    ║
║  仓1: SL$76,357 TP$82,655 @ $78,719 (0.12BTC)  ║
╠══════════════════════════════════════════════════════════════╣
║  🎯 【做多-v2.2】大周期空头+5m超卖反弹
理由: 4h+1d均线空头,价格跌至布林下轨偏离-0.0%
║
╚══════════════════════════════════════════════════════════════╝
[15:00:42] ✅ SL/TP检查正常 (交易所查询) 1个仓位全部完整

╔══════════════════════════════════════════════════════════════╗
║  BTC AUTO-TRADE  15:00:45                        ║
╠══════════════════════════════════════════════════════════════╣
║  💰    76,924.50  |  ATR:    342  |  %b: 0.716 ⚖️正常       ║
╠══════════════════════════════════════════════════════════════╣
║  4h: 📉  |  1d: 📉  |  RSI: ⚖️54.6        ║
╠══════════════════════════════════════════════════════════════╣
║  📊 持仓: LONG x 1仓 共0.12 BTC  |  📉-2.28%    ║
║  仓1: SL$76,357 TP$82,655 @ $78,719 (0.12BTC)  ║
╠══════════════════════════════════════════════════════════════╣
║  🎯 【做多-v2.2】大周期空头+5m超卖反弹
理由: 4h+1d均线空头,价格跌至布林下轨偏离-0.0%
║
╚══════════════════════════════════════════════════════════════╝

╔══════════════════════════════════════════════════════════════╗
║  BTC AUTO-TRADE  15:00:47                        ║
╠══════════════════════════════════════════════════════════════╣
║  💰    76,923.50  |  ATR:    342  |  %b: 0.714 ⚖️正常       ║
╠══════════════════════════════════════════════════════════════╣
║  4h: 📉  |  1d: 📉  |  RSI: ⚖️54.5        ║
╠══════════════════════════════════════════════════════════════╣
║  📊 持仓: LONG x 1仓 共0.12 BTC  |  📉-2.28%    ║
║  仓1: SL$76,357 TP$82,655 @ $78,719 (0.12BTC)  ║
╠══════════════════════════════════════════════════════════════╣
║  🎯 【做多-v2.2】大周期空头+5m超卖反弹
理由: 4h+1d均线空头,价格跌至布林下轨偏离-0.0%
║
╚══════════════════════════════════════════════════════════════╝

╔══════════════════════════════════════════════════════════════╗
║  BTC AUTO-TRADE  15:00:50                        ║
╠══════════════════════════════════════════════════════════════╣
║  💰    76,923.40  |  ATR:    342  |  %b: 0.713 ⚖️正常       ║
╠══════════════════════════════════════════════════════════════╣
║  4h: 📉  |  1d: 📉  |  RSI: ⚖️54.5        ║
╠══════════════════════════════════════════════════════════════╣
║  📊 持仓: LONG x 1仓 共0.12 BTC  |  📉-2.28%    ║
║  仓1: SL$76,357 TP$82,655 @ $78,719 (0.12BTC)  ║
╠══════════════════════════════════════════════════════════════╣
║  🎯 【做多-v2.2】大周期空头+5m超卖反弹
理由: 4h+1d均线空头,价格跌至布林下轨偏离-0.0%
║
╚══════════════════════════════════════════════════════════════╝

╔══════════════════════════════════════════════════════════════╗
║  BTC AUTO-TRADE  15:00:52                        ║
╠══════════════════════════════════════════════════════════════╣
║  💰    76,923.50  |  ATR:    342  |  %b: 0.714 ⚖️正常       ║
╠══════════════════════════════════════════════════════════════╣
║  4h: 📉  |  1d: 📉  |  RSI: ⚖️54.5        ║
╠══════════════════════════════════════════════════════════════╣
║  📊 持仓: LONG x 1仓 共0.12 BTC  |  📉-2.28%    ║
║  仓1: SL$76,357 TP$82,655 @ $78,719 (0.12BTC)  ║
╠══════════════════════════════════════════════════════════════╣
║  🎯 【做多-v2.2】大周期空头+5m超卖反弹
理由: 4h+1d均线空头,价格跌至布林下轨偏离-0.0%
║
╚══════════════════════════════════════════════════════════════╝

╔══════════════════════════════════════════════════════════════╗
║  BTC AUTO-TRADE  15:00:55                        ║
╠══════════════════════════════════════════════════════════════╣
║  💰    76,923.50  |  ATR:    342  |  %b: 0.714 ⚖️正常       ║
╠══════════════════════════════════════════════════════════════╣
║  4h: 📉  |  1d: 📉  |  RSI: ⚖️54.5        ║
╠══════════════════════════════════════════════════════════════╣
║  📊 持仓: LONG x 1仓 共0.12 BTC  |  📉-2.28%    ║
║  仓1: SL$76,357 TP$82,655 @ $78,719 (0.12BTC)  ║
╠══════════════════════════════════════════════════════════════╣
║  🎯 【做多-v2.2】大周期空头+5m超卖反弹
理由: 4h+1d均线空头,价格跌至布林下轨偏离-0.0%
║
╚══════════════════════════════════════════════════════════════╝

╔══════════════════════════════════════════════════════════════╗
║  BTC AUTO-TRADE  15:00:57                        ║
╠══════════════════════════════════════════════════════════════╣
║  💰    76,928.70  |  ATR:    342  |  %b: 0.726 ⚖️正常       ║
╠══════════════════════════════════════════════════════════════╣
║  4h: 📉  |  1d: 📉  |  RSI: ⚖️54.8        ║
╠══════════════════════════════════════════════════════════════╣
║  📊 持仓: LONG x 1仓 共0.12 BTC  |  📉-2.27%    ║
║  仓1: SL$76,357 TP$82,655 @ $78,719 (0.12BTC)  ║
╠══════════════════════════════════════════════════════════════╣
║  🎯 【做多-v2.2】大周期空头+5m超卖反弹
理由: 4h+1d均线空头,价格跌至布林下轨偏离-0.0%
║
╚══════════════════════════════════════════════════════════════╝
[15:00:57] ✅ SL/TP检查正常 (交易所查询) 1个仓位全部完整

╔══════════════════════════════════════════════════════════════╗
║  BTC AUTO-TRADE  15:01:00                        ║
╠══════════════════════════════════════════════════════════════╣
║  💰    76,928.70  |  ATR:    342  |  %b: 0.726 ⚖️正常       ║
╠══════════════════════════════════════════════════════════════╣
║  4h: 📉  |  1d: 📉  |  RSI: ⚖️54.8        ║
╠══════════════════════════════════════════════════════════════╣
║  📊 持仓: LONG x 1仓 共0.12 BTC  |  📉-2.27%    ║
║  仓1: SL$76,357 TP$82,655 @ $78,719 (0.12BTC)  ║
╠══════════════════════════════════════════════════════════════╣
║  🎯 【做多-v2.2】大周期空头+5m超卖反弹
理由: 4h+1d均线空头,价格跌至布林下轨偏离-0.0%
║
╚══════════════════════════════════════════════════════════════╝

╔══════════════════════════════════════════════════════════════╗
║  BTC AUTO-TRADE  15:01:02                        ║
╠══════════════════════════════════════════════════════════════╣
║  💰    76,944.90  |  ATR:    342  |  %b: 0.765 ⚖️正常       ║
╠══════════════════════════════════════════════════════════════╣
║  4h: 📉  |  1d: 📉  |  RSI: ⚖️55.7        ║
╠══════════════════════════════════════════════════════════════╣
║  📊 持仓: LONG x 1仓 共0.12 BTC  |  📉-2.25%    ║
║  仓1: SL$76,357 TP$82,655 @ $78,719 (0.12BTC)  ║
╠══════════════════════════════════════════════════════════════╣
║  🎯 【做多-v2.2】大周期空头+5m超卖反弹
理由: 4h+1d均线空头,价格跌至布林下轨偏离-0.0%
║
╚══════════════════════════════════════════════════════════════╝

╔══════════════════════════════════════════════════════════════╗
║  BTC AUTO-TRADE  15:01:05                        ║
╠══════════════════════════════════════════════════════════════╣
║  💰    76,945.10  |  ATR:    342  |  %b: 0.766 ⚖️正常       ║
╠══════════════════════════════════════════════════════════════╣
║  4h: 📉  |  1d: 📉  |  RSI: ⚖️55.8        ║
╠══════════════════════════════════════════════════════════════╣
║  📊 持仓: LONG x 1仓 共0.12 BTC  |  📉-2.25%    ║
║  仓1: SL$76,357 TP$82,655 @ $78,719 (0.12BTC)  ║
╠══════════════════════════════════════════════════════════════╣
║  🎯 【做多-v2.2】大周期空头+5m超卖反弹
理由: 4h+1d均线空头,价格跌至布林下轨偏离-0.0%
║
╚══════════════════════════════════════════════════════════════╝

╔══════════════════════════════════════════════════════════════╗
║  BTC AUTO-TRADE  15:01:07                        ║
╠══════════════════════════════════════════════════════════════╣
║  💰    76,949.90  |  ATR:    342  |  %b: 0.777 ⚖️正常       ║
╠══════════════════════════════════════════════════════════════╣
║  4h: 📉  |  1d: 📉  |  RSI: ⚖️56.0        ║
╠══════════════════════════════════════════════════════════════╣
║  📊 持仓: LONG x 1仓 共0.12 BTC  |  📉-2.25%    ║
║  仓1: SL$76,357 TP$82,655 @ $78,719 (0.12BTC)  ║
╠══════════════════════════════════════════════════════════════╣
║  🎯 【做多-v2.2】大周期空头+5m超卖反弹
理由: 4h+1d均线空头,价格跌至布林下轨偏离-0.0%
║
╚══════════════════════════════════════════════════════════════╝

╔══════════════════════════════════════════════════════════════╗
║  BTC AUTO-TRADE  15:01:10                        ║
╠══════════════════════════════════════════════════════════════╣
║  💰    76,954.20  |  ATR:    342  |  %b: 0.787 ⚖️正常       ║
╠══════════════════════════════════════════════════════════════╣
║  4h: 📉  |  1d: 📉  |  RSI: ⚖️56.3        ║
╠══════════════════════════════════════════════════════════════╣
║  📊 持仓: LONG x 1仓 共0.12 BTC  |  📉-2.24%    ║
║  仓1: SL$76,357 TP$82,655 @ $78,719 (0.12BTC)  ║
╠══════════════════════════════════════════════════════════════╣
║  🎯 【做多-v2.2】大周期空头+5m超卖反弹
理由: 4h+1d均线空头,价格跌至布林下轨偏离-0.0%
║
╚══════════════════════════════════════════════════════════════╝

╔══════════════════════════════════════════════════════════════╗
║  BTC AUTO-TRADE  15:01:12                        ║
╠══════════════════════════════════════════════════════════════╣
║  💰    76,949.20  |  ATR:    342  |  %b: 0.776 ⚖️正常       ║
╠══════════════════════════════════════════════════════════════╣
║  4h: 📉  |  1d: 📉  |  RSI: ⚖️56.0        ║
╠══════════════════════════════════════════════════════════════╣
║  📊 持仓: LONG x 1仓 共0.12 BTC  |  📉-2.25%    ║
║  仓1: SL$76,357 TP$82,655 @ $78,719 (0.12BTC)  ║
╠══════════════════════════════════════════════════════════════╣
║  🎯 【做多-v2.2】大周期空头+5m超卖反弹
理由: 4h+1d均线空头,价格跌至布林下轨偏离-0.0%
║
╚══════════════════════════════════════════════════════════════╝
[15:01:12] ✅ SL/TP检查正常 (交易所查询) 1个仓位全部完整

╔══════════════════════════════════════════════════════════════╗
║  BTC AUTO-TRADE  15:01:15                        ║
╠══════════════════════════════════════════════════════════════╣
║  💰    76,949.30  |  ATR:    342  |  %b: 0.776 ⚖️正常       ║
╠══════════════════════════════════════════════════════════════╣
║  4h: 📉  |  1d: 📉  |  RSI: ⚖️56.0        ║
╠══════════════════════════════════════════════════════════════╣
║  📊 持仓: LONG x 1仓 共0.12 BTC  |  📉-2.25%    ║
║  仓1: SL$76,357 TP$82,655 @ $78,719 (0.12BTC)  ║
╠══════════════════════════════════════════════════════════════╣
║  🎯 【做多-v2.2】大周期空头+5m超卖反弹
理由: 4h+1d均线空头,价格跌至布林下轨偏离-0.0%
║
╚══════════════════════════════════════════════════════════════╝

╔══════════════════════════════════════════════════════════════╗
║  BTC AUTO-TRADE  15:01:17                        ║
╠══════════════════════════════════════════════════════════════╣
║  💰    76,949.30  |  ATR:    342  |  %b: 0.776 ⚖️正常       ║
╠══════════════════════════════════════════════════════════════╣
║  4h: 📉  |  1d: 📉  |  RSI: ⚖️56.0        ║
╠══════════════════════════════════════════════════════════════╣
║  📊 持仓: LONG x 1仓 共0.12 BTC  |  📉-2.25%    ║
║  仓1: SL$76,357 TP$82,655 @ $78,719 (0.12BTC)  ║
╠══════════════════════════════════════════════════════════════╣
║  🎯 【做多-v2.2】大周期空头+5m超卖反弹
理由: 4h+1d均线空头,价格跌至布林下轨偏离-0.0%
║
╚══════════════════════════════════════════════════════════════╝

╔══════════════════════════════════════════════════════════════╗
║  BTC AUTO-TRADE  15:01:20                        ║
╠══════════════════════════════════════════════════════════════╣
║  💰    76,949.30  |  ATR:    342  |  %b: 0.776 ⚖️正常       ║
╠══════════════════════════════════════════════════════════════╣
║  4h: 📉  |  1d: 📉  |  RSI: ⚖️56.0        ║
╠══════════════════════════════════════════════════════════════╣
║  📊 持仓: LONG x 1仓 共0.12 BTC  |  📉-2.25%    ║
║  仓1: SL$76,357 TP$82,655 @ $78,719 (0.12BTC)  ║
╠══════════════════════════════════════════════════════════════╣
║  🎯 【做多-v2.2】大周期空头+5m超卖反弹
理由: 4h+1d均线空头,价格跌至布林下轨偏离-0.0%
║
╚══════════════════════════════════════════════════════════════╝

╔══════════════════════════════════════════════════════════════╗
║  BTC AUTO-TRADE  15:01:22                        ║
╠══════════════════════════════════════════════════════════════╣
║  💰    76,944.90  |  ATR:    342  |  %b: 0.765 ⚖️正常       ║
╠══════════════════════════════════════════════════════════════╣
║  4h: 📉  |  1d: 📉  |  RSI: ⚖️55.7        ║
╠══════════════════════════════════════════════════════════════╣
║  📊 持仓: LONG x 1仓 共0.12 BTC  |  📉-2.25%    ║
║  仓1: SL$76,357 TP$82,655 @ $78,719 (0.12BTC)  ║
╠══════════════════════════════════════════════════════════════╣
║  🎯 【做多-v2.2】大周期空头+5m超卖反弹
理由: 4h+1d均线空头,价格跌至布林下轨偏离-0.0%
║
╚══════════════════════════════════════════════════════════════╝

╔══════════════════════════════════════════════════════════════╗
║  BTC AUTO-TRADE  15:01:25                        ║
╠══════════════════════════════════════════════════════════════╣
║  💰    76,949.30  |  ATR:    342  |  %b: 0.776 ⚖️正常       ║
╠══════════════════════════════════════════════════════════════╣
║  4h: 📉  |  1d: 📉  |  RSI: ⚖️56.0        ║
╠══════════════════════════════════════════════════════════════╣
║  📊 持仓: LONG x 1仓 共0.12 BTC  |  📉-2.25%    ║
║  仓1: SL$76,357 TP$82,655 @ $78,719 (0.12BTC)  ║
╠══════════════════════════════════════════════════════════════╣
║  🎯 【做多-v2.2】大周期空头+5m超卖反弹
理由: 4h+1d均线空头,价格跌至布林下轨偏离-0.0%
║
╚══════════════════════════════════════════════════════════════╝

╔══════════════════════════════════════════════════════════════╗
║  BTC AUTO-TRADE  15:01:27                        ║
╠══════════════════════════════════════════════════════════════╣
║  💰    76,944.50  |  ATR:    342  |  %b: 0.764 ⚖️正常       ║
╠══════════════════════════════════════════════════════════════╣
║  4h: 📉  |  1d: 📉  |  RSI: ⚖️55.7        ║
╠══════════════════════════════════════════════════════════════╣
║  📊 持仓: LONG x 1仓 共0.12 BTC  |  📉-2.25%    ║
║  仓1: SL$76,357 TP$82,655 @ $78,719 (0.12BTC)  ║
╠══════════════════════════════════════════════════════════════╣
║  🎯 【做多-v2.2】大周期空头+5m超卖反弹
理由: 4h+1d均线空头,价格跌至布林下轨偏离-0.0%
║
╚══════════════════════════════════════════════════════════════╝
[15:01:27] ✅ SL/TP检查正常 (交易所查询) 1个仓位全部完整

╔══════════════════════════════════════════════════════════════╗
║  BTC AUTO-TRADE  15:01:30                        ║
╠══════════════════════════════════════════════════════════════╣
║  💰    76,944.60  |  ATR:    342  |  %b: 0.765 ⚖️正常       ║
╠══════════════════════════════════════════════════════════════╣
║  4h: 📉  |  1d: 📉  |  RSI: ⚖️55.7        ║
╠══════════════════════════════════════════════════════════════╣
║  📊 持仓: LONG x 1仓 共0.12 BTC  |  📉-2.25%    ║
║  仓1: SL$76,357 TP$82,655 @ $78,719 (0.12BTC)  ║
╠══════════════════════════════════════════════════════════════╣
║  🎯 【做多-v2.2】大周期空头+5m超卖反弹
理由: 4h+1d均线空头,价格跌至布林下轨偏离-0.0%
║
╚══════════════════════════════════════════════════════════════╝

╔══════════════════════════════════════════════════════════════╗
║  BTC AUTO-TRADE  15:01:32                        ║
╠══════════════════════════════════════════════════════════════╣
║  💰    76,944.60  |  ATR:    342  |  %b: 0.765 ⚖️正常       ║
╠══════════════════════════════════════════════════════════════╣
║  4h: 📉  |  1d: 📉  |  RSI: ⚖️55.7        ║
╠══════════════════════════════════════════════════════════════╣
║  📊 持仓: LONG x 1仓 共0.12 BTC  |  📉-2.25%    ║
║  仓1: SL$76,357 TP$82,655 @ $78,719 (0.12BTC)  ║
╠══════════════════════════════════════════════════════════════╣
║  🎯 【做多-v2.2】大周期空头+5m超卖反弹
理由: 4h+1d均线空头,价格跌至布林下轨偏离-0.0%
║
╚══════════════════════════════════════════════════════════════╝

╔══════════════════════════════════════════════════════════════╗
║  BTC AUTO-TRADE  15:01:35                        ║
╠══════════════════════════════════════════════════════════════╣
║  💰    76,944.60  |  ATR:    342  |  %b: 0.765 ⚖️正常       ║
╠══════════════════════════════════════════════════════════════╣
║  4h: 📉  |  1d: 📉  |  RSI: ⚖️55.7        ║
╠══════════════════════════════════════════════════════════════╣
║  📊 持仓: LONG x 1仓 共0.12 BTC  |  📉-2.25%    ║
║  仓1: SL$76,357 TP$82,655 @ $78,719 (0.12BTC)  ║
╠══════════════════════════════════════════════════════════════╣
║  🎯 【做多-v2.2】大周期空头+5m超卖反弹
理由: 4h+1d均线空头,价格跌至布林下轨偏离-0.0%
║
╚══════════════════════════════════════════════════════════════╝

╔══════════════════════════════════════════════════════════════╗
║  BTC AUTO-TRADE  15:01:37                        ║
╠══════════════════════════════════════════════════════════════╣
║  💰    76,944.60  |  ATR:    342  |  %b: 0.765 ⚖️正常       ║
╠══════════════════════════════════════════════════════════════╣
║  4h: 📉  |  1d: 📉  |  RSI: ⚖️55.7        ║
╠══════════════════════════════════════════════════════════════╣
║  📊 持仓: LONG x 1仓 共0.12 BTC  |  📉-2.25%    ║
║  仓1: SL$76,357 TP$82,655 @ $78,719 (0.12BTC)  ║
╠══════════════════════════════════════════════════════════════╣
║  🎯 【做多-v2.2】大周期空头+5m超卖反弹
理由: 4h+1d均线空头,价格跌至布林下轨偏离-0.0%
║
╚══════════════════════════════════════════════════════════════╝

╔══════════════════════════════════════════════════════════════╗
║  BTC AUTO-TRADE  15:01:40                        ║
╠══════════════════════════════════════════════════════════════╣
║  💰    76,944.50  |  ATR:    342  |  %b: 0.764 ⚖️正常       ║
╠══════════════════════════════════════════════════════════════╣
║  4h: 📉  |  1d: 📉  |  RSI: ⚖️55.7        ║
╠══════════════════════════════════════════════════════════════╣
║  📊 持仓: LONG x 1仓 共0.12 BTC  |  📉-2.25%    ║
║  仓1: SL$76,357 TP$82,655 @ $78,719 (0.12BTC)  ║
╠══════════════════════════════════════════════════════════════╣
║  🎯 【做多-v2.2】大周期空头+5m超卖反弹
理由: 4h+1d均线空头,价格跌至布林下轨偏离-0.0%
║
╚══════════════════════════════════════════════════════════════╝

╔══════════════════════════════════════════════════════════════╗
║  BTC AUTO-TRADE  15:01:42                        ║
╠══════════════════════════════════════════════════════════════╣
║  💰    76,950.70  |  ATR:    342  |  %b: 0.779 ⚖️正常       ║
╠══════════════════════════════════════════════════════════════╣
║  4h: 📉  |  1d: 📉  |  RSI: ⚖️56.1        ║
╠══════════════════════════════════════════════════════════════╣
║  📊 持仓: LONG x 1仓 共0.12 BTC  |  📉-2.25%    ║
║  仓1: SL$76,357 TP$82,655 @ $78,719 (0.12BTC)  ║
╠══════════════════════════════════════════════════════════════╣
║  🎯 【做多-v2.2】大周期空头+5m超卖反弹
理由: 4h+1d均线空头,价格跌至布林下轨偏离-0.0%
║
╚══════════════════════════════════════════════════════════════╝
[15:01:42] ✅ SL/TP检查正常 (交易所查询) 1个仓位全部完整

╔══════════════════════════════════════════════════════════════╗
║  BTC AUTO-TRADE  15:01:45                        ║
╠══════════════════════════════════════════════════════════════╣
║  💰    76,950.80  |  ATR:    342  |  %b: 0.779 ⚖️正常       ║
╠══════════════════════════════════════════════════════════════╣
║  4h: 📉  |  1d: 📉  |  RSI: ⚖️56.1        ║
╠══════════════════════════════════════════════════════════════╣
║  📊 持仓: LONG x 1仓 共0.12 BTC  |  📉-2.25%    ║
║  仓1: SL$76,357 TP$82,655 @ $78,719 (0.12BTC)  ║
╠══════════════════════════════════════════════════════════════╣
║  🎯 【做多-v2.2】大周期空头+5m超卖反弹
理由: 4h+1d均线空头,价格跌至布林下轨偏离-0.0%
║
╚══════════════════════════════════════════════════════════════╝

╔══════════════════════════════════════════════════════════════╗
║  BTC AUTO-TRADE  15:01:47                        ║
╠══════════════════════════════════════════════════════════════╣
║  💰    76,950.70  |  ATR:    342  |  %b: 0.779 ⚖️正常       ║
╠══════════════════════════════════════════════════════════════╣
║  4h: 📉  |  1d: 📉  |  RSI: ⚖️56.1        ║
╠══════════════════════════════════════════════════════════════╣
║  📊 持仓: LONG x 1仓 共0.12 BTC  |  📉-2.25%    ║
║  仓1: SL$76,357 TP$82,655 @ $78,719 (0.12BTC)  ║
╠══════════════════════════════════════════════════════════════╣
║  🎯 【做多-v2.2】大周期空头+5m超卖反弹
理由: 4h+1d均线空头,价格跌至布林下轨偏离-0.0%
║
╚══════════════════════════════════════════════════════════════╝

╔══════════════════════════════════════════════════════════════╗
║  BTC AUTO-TRADE  15:01:50                        ║
╠══════════════════════════════════════════════════════════════╣
║  💰    76,951.40  |  ATR:    342  |  %b: 0.781 ⚖️正常       ║
╠══════════════════════════════════════════════════════════════╣
║  4h: 📉  |  1d: 📉  |  RSI: ⚖️56.1        ║
╠══════════════════════════════════════════════════════════════╣
║  📊 持仓: LONG x 1仓 共0.12 BTC  |  📉-2.25%    ║
║  仓1: SL$76,357 TP$82,655 @ $78,719 (0.12BTC)  ║
╠══════════════════════════════════════════════════════════════╣
║  🎯 【做多-v2.2】大周期空头+5m超卖反弹
理由: 4h+1d均线空头,价格跌至布林下轨偏离-0.0%
║
╚══════════════════════════════════════════════════════════════╝

╔══════════════════════════════════════════════════════════════╗
║  BTC AUTO-TRADE  15:01:52                        ║
╠══════════════════════════════════════════════════════════════╣
║  💰    76,951.40  |  ATR:    342  |  %b: 0.781 ⚖️正常       ║
╠══════════════════════════════════════════════════════════════╣
║  4h: 📉  |  1d: 📉  |  RSI: ⚖️56.1        ║
╠══════════════════════════════════════════════════════════════╣
║  📊 持仓: LONG x 1仓 共0.12 BTC  |  📉-2.25%    ║
║  仓1: SL$76,357 TP$82,655 @ $78,719 (0.12BTC)  ║
╠══════════════════════════════════════════════════════════════╣
║  🎯 【做多-v2.2】大周期空头+5m超卖反弹
理由: 4h+1d均线空头,价格跌至布林下轨偏离-0.0%
║
╚══════════════════════════════════════════════════════════════╝

╔══════════════════════════════════════════════════════════════╗
║  BTC AUTO-TRADE  15:01:55                        ║
╠══════════════════════════════════════════════════════════════╣
║  💰    76,949.30  |  ATR:    342  |  %b: 0.776 ⚖️正常       ║
╠══════════════════════════════════════════════════════════════╣
║  4h: 📉  |  1d: 📉  |  RSI: ⚖️56.0        ║
╠══════════════════════════════════════════════════════════════╣
║  📊 持仓: LONG x 1仓 共0.12 BTC  |  📉-2.25%    ║
║  仓1: SL$76,357 TP$82,655 @ $78,719 (0.12BTC)  ║
╠══════════════════════════════════════════════════════════════╣
║  🎯 【做多-v2.2】大周期空头+5m超卖反弹
理由: 4h+1d均线空头,价格跌至布林下轨偏离-0.0%
║
╚══════════════════════════════════════════════════════════════╝

╔══════════════════════════════════════════════════════════════╗
║  BTC AUTO-TRADE  15:01:57                        ║
╠══════════════════════════════════════════════════════════════╣
║  💰    76,949.30  |  ATR:    342  |  %b: 0.776 ⚖️正常       ║
╠══════════════════════════════════════════════════════════════╣
║  4h: 📉  |  1d: 📉  |  RSI: ⚖️56.0        ║
╠══════════════════════════════════════════════════════════════╣
║  📊 持仓: LONG x 1仓 共0.12 BTC  |  📉-2.25%    ║
║  仓1: SL$76,357 TP$82,655 @ $78,719 (0.12BTC)  ║
╠══════════════════════════════════════════════════════════════╣
║  🎯 【做多-v2.2】大周期空头+5m超卖反弹
理由: 4h+1d均线空头,价格跌至布林下轨偏离-0.0%
║
╚══════════════════════════════════════════════════════════════╝
[15:01:57] ✅ SL/TP检查正常 (交易所查询) 1个仓位全部完整

╔══════════════════════════════════════════════════════════════╗
║  BTC AUTO-TRADE  15:02:00                        ║
╠══════════════════════════════════════════════════════════════╣
║  💰    76,948.30  |  ATR:    342  |  %b: 0.773 ⚖️正常       ║
╠══════════════════════════════════════════════════════════════╣
║  4h: 📉  |  1d: 📉  |  RSI: ⚖️55.9        ║
╠══════════════════════════════════════════════════════════════╣
║  📊 持仓: LONG x 1仓 共0.12 BTC  |  📉-2.25%    ║
║  仓1: SL$76,357 TP$82,655 @ $78,719 (0.12BTC)  ║
╠══════════════════════════════════════════════════════════════╣
║  🎯 【做多-v2.2】大周期空头+5m超卖反弹
理由: 4h+1d均线空头,价格跌至布林下轨偏离-0.0%
║
╚══════════════════════════════════════════════════════════════╝

╔══════════════════════════════════════════════════════════════╗
║  BTC AUTO-TRADE  15:02:02                        ║
╠══════════════════════════════════════════════════════════════╣
║  💰    76,944.10  |  ATR:    342  |  %b: 0.764 ⚖️正常       ║
╠══════════════════════════════════════════════════════════════╣
║  4h: 📉  |  1d: 📉  |  RSI: ⚖️55.7        ║
╠══════════════════════════════════════════════════════════════╣
║  📊 持仓: LONG x 1仓 共0.12 BTC  |  📉-2.25%    ║
║  仓1: SL$76,357 TP$82,655 @ $78,719 (0.12BTC)  ║
╠══════════════════════════════════════════════════════════════╣
║  🎯 【做多-v2.2】大周期空头+5m超卖反弹
理由: 4h+1d均线空头,价格跌至布林下轨偏离-0.0%
║
╚══════════════════════════════════════════════════════════════╝

╔══════════════════════════════════════════════════════════════╗
║  BTC AUTO-TRADE  15:02:05                        ║
╠══════════════════════════════════════════════════════════════╣
║  💰    76,949.20  |  ATR:    342  |  %b: 0.776 ⚖️正常       ║
╠══════════════════════════════════════════════════════════════╣
║  4h: 📉  |  1d: 📉  |  RSI: ⚖️56.0        ║
╠══════════════════════════════════════════════════════════════╣
║  📊 持仓: LONG x 1仓 共0.12 BTC  |  📉-2.25%    ║
║  仓1: SL$76,357 TP$82,655 @ $78,719 (0.12BTC)  ║
╠══════════════════════════════════════════════════════════════╣
║  🎯 【做多-v2.2】大周期空头+5m超卖反弹
理由: 4h+1d均线空头,价格跌至布林下轨偏离-0.0%
║
╚══════════════════════════════════════════════════════════════╝

╔══════════════════════════════════════════════════════════════╗
║  BTC AUTO-TRADE  15:02:07                        ║
╠══════════════════════════════════════════════════════════════╣
║  💰    76,933.60  |  ATR:    342  |  %b: 0.738 ⚖️正常       ║
╠══════════════════════════════════════════════════════════════╣
║  4h: 📉  |  1d: 📉  |  RSI: ⚖️55.1        ║
╠══════════════════════════════════════════════════════════════╣
║  📊 持仓: LONG x 1仓 共0.12 BTC  |  📉-2.27%    ║
║  仓1: SL$76,357 TP$82,655 @ $78,719 (0.12BTC)  ║
╠══════════════════════════════════════════════════════════════╣
║  🎯 【做多-v2.2】大周期空头+5m超卖反弹
理由: 4h+1d均线空头,价格跌至布林下轨偏离-0.0%
║
╚══════════════════════════════════════════════════════════════╝

╔══════════════════════════════════════════════════════════════╗
║  BTC AUTO-TRADE  15:02:10                        ║
╠══════════════════════════════════════════════════════════════╣
║  💰    76,949.20  |  ATR:    342  |  %b: 0.776 ⚖️正常       ║
╠══════════════════════════════════════════════════════════════╣
║  4h: 📉  |  1d: 📉  |  RSI: ⚖️56.0        ║
╠══════════════════════════════════════════════════════════════╣
║  📊 持仓: LONG x 1仓 共0.12 BTC  |  📉-2.25%    ║
║  仓1: SL$76,357 TP$82,655 @ $78,719 (0.12BTC)  ║
╠══════════════════════════════════════════════════════════════╣
║  🎯 【做多-v2.2】大周期空头+5m超卖反弹
理由: 4h+1d均线空头,价格跌至布林下轨偏离-0.0%
║
╚══════════════════════════════════════════════════════════════╝

╔══════════════════════════════════════════════════════════════╗
║  BTC AUTO-TRADE  15:02:12                        ║
╠══════════════════════════════════════════════════════════════╣
║  💰    76,949.20  |  ATR:    342  |  %b: 0.776 ⚖️正常       ║
╠══════════════════════════════════════════════════════════════╣
║  4h: 📉  |  1d: 📉  |  RSI: ⚖️56.0        ║
╠══════════════════════════════════════════════════════════════╣
║  📊 持仓: LONG x 1仓 共0.12 BTC  |  📉-2.25%    ║
║  仓1: SL$76,357 TP$82,655 @ $78,719 (0.12BTC)  ║
╠══════════════════════════════════════════════════════════════╣
║  🎯 【做多-v2.2】大周期空头+5m超卖反弹
理由: 4h+1d均线空头,价格跌至布林下轨偏离-0.0%
║
╚══════════════════════════════════════════════════════════════╝
[15:02:12] ✅ SL/TP检查正常 (交易所查询) 1个仓位全部完整

╔══════════════════════════════════════════════════════════════╗
║  BTC AUTO-TRADE  15:02:15                        ║
╠══════════════════════════════════════════════════════════════╣
║  💰    76,949.10  |  ATR:    342  |  %b: 0.775 ⚖️正常       ║
╠══════════════════════════════════════════════════════════════╣
║  4h: 📉  |  1d: 📉  |  RSI: ⚖️56.0        ║
╠══════════════════════════════════════════════════════════════╣
║  📊 持仓: LONG x 1仓 共0.12 BTC  |  📉-2.25%    ║
║  仓1: SL$76,357 TP$82,655 @ $78,719 (0.12BTC)  ║
╠══════════════════════════════════════════════════════════════╣
║  🎯 【做多-v2.2】大周期空头+5m超卖反弹
理由: 4h+1d均线空头,价格跌至布林下轨偏离-0.0%
║
╚══════════════════════════════════════════════════════════════╝

╔══════════════════════════════════════════════════════════════╗
║  BTC AUTO-TRADE  15:02:17                        ║
╠══════════════════════════════════════════════════════════════╣
║  💰    76,949.10  |  ATR:    342  |  %b: 0.775 ⚖️正常       ║
╠══════════════════════════════════════════════════════════════╣
║  4h: 📉  |  1d: 📉  |  RSI: ⚖️56.0        ║
╠══════════════════════════════════════════════════════════════╣
║  📊 持仓: LONG x 1仓 共0.12 BTC  |  📉-2.25%    ║
║  仓1: SL$76,357 TP$82,655 @ $78,719 (0.12BTC)  ║
╠══════════════════════════════════════════════════════════════╣
║  🎯 【做多-v2.2】大周期空头+5m超卖反弹
理由: 4h+1d均线空头,价格跌至布林下轨偏离-0.0%
║
╚══════════════════════════════════════════════════════════════╝

╔══════════════════════════════════════════════════════════════╗
║  BTC AUTO-TRADE  15:02:20                        ║
╠══════════════════════════════════════════════════════════════╣
║  💰    76,949.10  |  ATR:    342  |  %b: 0.775 ⚖️正常       ║
╠══════════════════════════════════════════════════════════════╣
║  4h: 📉  |  1d: 📉  |  RSI: ⚖️56.0        ║
╠══════════════════════════════════════════════════════════════╣
║  📊 持仓: LONG x 1仓 共0.12 BTC  |  📉-2.25%    ║
║  仓1: SL$76,357 TP$82,655 @ $78,719 (0.12BTC)  ║
╠══════════════════════════════════════════════════════════════╣
║  🎯 【做多-v2.2】大周期空头+5m超卖反弹
理由: 4h+1d均线空头,价格跌至布林下轨偏离-0.0%
║
╚══════════════════════════════════════════════════════════════╝

╔══════════════════════════════════════════════════════════════╗
║  BTC AUTO-TRADE  15:02:22                        ║
╠══════════════════════════════════════════════════════════════╣
║  💰    76,953.30  |  ATR:    342  |  %b: 0.785 ⚖️正常       ║
╠══════════════════════════════════════════════════════════════╣
║  4h: 📉  |  1d: 📉  |  RSI: ⚖️56.2        ║
╠══════════════════════════════════════════════════════════════╣
║  📊 持仓: LONG x 1仓 共0.12 BTC  |  📉-2.24%    ║
║  仓1: SL$76,357 TP$82,655 @ $78,719 (0.12BTC)  ║
╠══════════════════════════════════════════════════════════════╣
║  🎯 【做多-v2.2】大周期空头+5m超卖反弹
理由: 4h+1d均线空头,价格跌至布林下轨偏离-0.0%
║
╚══════════════════════════════════════════════════════════════╝

╔══════════════════════════════════════════════════════════════╗
║  BTC AUTO-TRADE  15:02:25                        ║
╠══════════════════════════════════════════════════════════════╣
║  💰    76,953.30  |  ATR:    342  |  %b: 0.785 ⚖️正常       ║
╠══════════════════════════════════════════════════════════════╣
║  4h: 📉  |  1d: 📉  |  RSI: ⚖️56.2        ║
╠══════════════════════════════════════════════════════════════╣
║  📊 持仓: LONG x 1仓 共0.12 BTC  |  📉-2.24%    ║
║  仓1: SL$76,357 TP$82,655 @ $78,719 (0.12BTC)  ║
╠══════════════════════════════════════════════════════════════╣
║  🎯 【做多-v2.2】大周期空头+5m超卖反弹
理由: 4h+1d均线空头,价格跌至布林下轨偏离-0.0%
║
╚══════════════════════════════════════════════════════════════╝

╔══════════════════════════════════════════════════════════════╗
║  BTC AUTO-TRADE  15:02:27                        ║
╠══════════════════════════════════════════════════════════════╣
║  💰    76,953.30  |  ATR:    342  |  %b: 0.785 ⚖️正常       ║
╠══════════════════════════════════════════════════════════════╣
║  4h: 📉  |  1d: 📉  |  RSI: ⚖️56.2        ║
╠══════════════════════════════════════════════════════════════╣
║  📊 持仓: LONG x 1仓 共0.12 BTC  |  📉-2.24%    ║
║  仓1: SL$76,357 TP$82,655 @ $78,719 (0.12BTC)  ║
╠══════════════════════════════════════════════════════════════╣
║  🎯 【做多-v2.2】大周期空头+5m超卖反弹
理由: 4h+1d均线空头,价格跌至布林下轨偏离-0.0%
║
╚══════════════════════════════════════════════════════════════╝
[15:02:27] ✅ SL/TP检查正常 (交易所查询) 1个仓位全部完整

╔══════════════════════════════════════════════════════════════╗
║  BTC AUTO-TRADE  15:02:30                        ║
╠══════════════════════════════════════════════════════════════╣
║  💰    76,953.30  |  ATR:    342  |  %b: 0.785 ⚖️正常       ║
╠══════════════════════════════════════════════════════════════╣
║  4h: 📉  |  1d: 📉  |  RSI: ⚖️56.2        ║
╠══════════════════════════════════════════════════════════════╣
║  📊 持仓: LONG x 1仓 共0.12 BTC  |  📉-2.24%    ║
║  仓1: SL$76,357 TP$82,655 @ $78,719 (0.12BTC)  ║
╠══════════════════════════════════════════════════════════════╣
║  🎯 【做多-v2.2】大周期空头+5m超卖反弹
理由: 4h+1d均线空头,价格跌至布林下轨偏离-0.0%
║
╚══════════════════════════════════════════════════════════════╝

╔══════════════════════════════════════════════════════════════╗
║  BTC AUTO-TRADE  15:02:32                        ║
╠══════════════════════════════════════════════════════════════╣
║  💰    76,953.40  |  ATR:    342  |  %b: 0.785 ⚖️正常       ║
╠══════════════════════════════════════════════════════════════╣
║  4h: 📉  |  1d: 📉  |  RSI: ⚖️56.2        ║
╠══════════════════════════════════════════════════════════════╣
║  📊 持仓: LONG x 1仓 共0.12 BTC  |  📉-2.24%    ║
║  仓1: SL$76,357 TP$82,655 @ $78,719 (0.12BTC)  ║
╠══════════════════════════════════════════════════════════════╣
║  🎯 【做多-v2.2】大周期空头+5m超卖反弹
理由: 4h+1d均线空头,价格跌至布林下轨偏离-0.0%
║
╚══════════════════════════════════════════════════════════════╝

╔══════════════════════════════════════════════════════════════╗
║  BTC AUTO-TRADE  15:02:35                        ║
╠══════════════════════════════════════════════════════════════╣
║  💰    76,953.40  |  ATR:    342  |  %b: 0.785 ⚖️正常       ║
╠══════════════════════════════════════════════════════════════╣
║  4h: 📉  |  1d: 📉  |  RSI: ⚖️56.2        ║
╠══════════════════════════════════════════════════════════════╣
║  📊 持仓: LONG x 1仓 共0.12 BTC  |  📉-2.24%    ║
║  仓1: SL$76,357 TP$82,655 @ $78,719 (0.12BTC)  ║
╠══════════════════════════════════════════════════════════════╣
║  🎯 【做多-v2.2】大周期空头+5m超卖反弹
理由: 4h+1d均线空头,价格跌至布林下轨偏离-0.0%
║
╚══════════════════════════════════════════════════════════════╝

╔══════════════════════════════════════════════════════════════╗
║  BTC AUTO-TRADE  15:02:37                        ║
╠══════════════════════════════════════════════════════════════╣
║  💰    76,953.40  |  ATR:    342  |  %b: 0.785 ⚖️正常       ║
╠══════════════════════════════════════════════════════════════╣
║  4h: 📉  |  1d: 📉  |  RSI: ⚖️56.2        ║
╠══════════════════════════════════════════════════════════════╣
║  📊 持仓: LONG x 1仓 共0.12 BTC  |  📉-2.24%    ║
║  仓1: SL$76,357 TP$82,655 @ $78,719 (0.12BTC)  ║
╠══════════════════════════════════════════════════════════════╣
║  🎯 【做多-v2.2】大周期空头+5m超卖反弹
理由: 4h+1d均线空头,价格跌至布林下轨偏离-0.0%
║
╚══════════════════════════════════════════════════════════════╝

╔══════════════════════════════════════════════════════════════╗
║  BTC AUTO-TRADE  15:02:40                        ║
╠══════════════════════════════════════════════════════════════╣
║  💰    76,958.10  |  ATR:    342  |  %b: 0.796 ⚖️正常       ║
╠══════════════════════════════════════════════════════════════╣
║  4h: 📉  |  1d: 📉  |  RSI: ⚖️56.5        ║
╠══════════════════════════════════════════════════════════════╣
║  📊 持仓: LONG x 1仓 共0.12 BTC  |  📉-2.24%    ║
║  仓1: SL$76,357 TP$82,655 @ $78,719 (0.12BTC)  ║
╠══════════════════════════════════════════════════════════════╣
║  🎯 【做多-v2.2】大周期空头+5m超卖反弹
理由: 4h+1d均线空头,价格跌至布林下轨偏离-0.0%
║
╚══════════════════════════════════════════════════════════════╝

╔══════════════════════════════════════════════════════════════╗
║  BTC AUTO-TRADE  15:02:42                        ║
╠══════════════════════════════════════════════════════════════╣
║  💰    76,958.10  |  ATR:    342  |  %b: 0.796 ⚖️正常       ║
╠══════════════════════════════════════════════════════════════╣
║  4h: 📉  |  1d: 📉  |  RSI: ⚖️56.5        ║
╠══════════════════════════════════════════════════════════════╣
║  📊 持仓: LONG x 1仓 共0.12 BTC  |  📉-2.24%    ║
║  仓1: SL$76,357 TP$82,655 @ $78,719 (0.12BTC)  ║
╠══════════════════════════════════════════════════════════════╣
║  🎯 【做多-v2.2】大周期空头+5m超卖反弹
理由: 4h+1d均线空头,价格跌至布林下轨偏离-0.0%
║
╚══════════════════════════════════════════════════════════════╝
[15:02:42] ✅ SL/TP检查正常 (交易所查询) 1个仓位全部完整

╔══════════════════════════════════════════════════════════════╗
║  BTC AUTO-TRADE  15:02:45                        ║
╠══════════════════════════════════════════════════════════════╣
║  💰    76,953.30  |  ATR:    342  |  %b: 0.785 ⚖️正常       ║
╠══════════════════════════════════════════════════════════════╣
║  4h: 📉  |  1d: 📉  |  RSI: ⚖️56.2        ║
╠══════════════════════════════════════════════════════════════╣
║  📊 持仓: LONG x 1仓 共0.12 BTC  |  📉-2.24%    ║
║  仓1: SL$76,357 TP$82,655 @ $78,719 (0.12BTC)  ║
╠══════════════════════════════════════════════════════════════╣
║  🎯 【做多-v2.2】大周期空头+5m超卖反弹
理由: 4h+1d均线空头,价格跌至布林下轨偏离-0.0%
║
╚══════════════════════════════════════════════════════════════╝

╔══════════════════════════════════════════════════════════════╗
║  BTC AUTO-TRADE  15:02:47                        ║
╠══════════════════════════════════════════════════════════════╣
║  💰    76,953.30  |  ATR:    342  |  %b: 0.785 ⚖️正常       ║
╠══════════════════════════════════════════════════════════════╣
║  4h: 📉  |  1d: 📉  |  RSI: ⚖️56.2        ║
╠══════════════════════════════════════════════════════════════╣
║  📊 持仓: LONG x 1仓 共0.12 BTC  |  📉-2.24%    ║
║  仓1: SL$76,357 TP$82,655 @ $78,719 (0.12BTC)  ║
╠══════════════════════════════════════════════════════════════╣
║  🎯 【做多-v2.2】大周期空头+5m超卖反弹
理由: 4h+1d均线空头,价格跌至布林下轨偏离-0.0%
║
╚══════════════════════════════════════════════════════════════╝

╔══════════════════════════════════════════════════════════════╗
║  BTC AUTO-TRADE  15:02:50                        ║
╠══════════════════════════════════════════════════════════════╣
║  💰    76,959.40  |  ATR:    342  |  %b: 0.799 ⚖️正常       ║
╠══════════════════════════════════════════════════════════════╣
║  4h: 📉  |  1d: 📉  |  RSI: ⚖️56.5        ║
╠══════════════════════════════════════════════════════════════╣
║  📊 持仓: LONG x 1仓 共0.12 BTC  |  📉-2.23%    ║
║  仓1: SL$76,357 TP$82,655 @ $78,719 (0.12BTC)  ║
╠══════════════════════════════════════════════════════════════╣
║  🎯 【做多-v2.2】大周期空头+5m超卖反弹
理由: 4h+1d均线空头,价格跌至布林下轨偏离-0.0%
║
╚══════════════════════════════════════════════════════════════╝

╔══════════════════════════════════════════════════════════════╗
║  BTC AUTO-TRADE  15:02:52                        ║
╠══════════════════════════════════════════════════════════════╣
║  💰    76,959.40  |  ATR:    342  |  %b: 0.799 ⚖️正常       ║
╠══════════════════════════════════════════════════════════════╣
║  4h: 📉  |  1d: 📉  |  RSI: ⚖️56.5        ║
╠══════════════════════════════════════════════════════════════╣
║  📊 持仓: LONG x 1仓 共0.12 BTC  |  📉-2.23%    ║
║  仓1: SL$76,357 TP$82,655 @ $78,719 (0.12BTC)  ║
╠══════════════════════════════════════════════════════════════╣
║  🎯 【做多-v2.2】大周期空头+5m超卖反弹
理由: 4h+1d均线空头,价格跌至布林下轨偏离-0.0%
║
╚══════════════════════════════════════════════════════════════╝

╔══════════════════════════════════════════════════════════════╗
║  BTC AUTO-TRADE  15:02:55                        ║
╠══════════════════════════════════════════════════════════════╣
║  💰    76,966.00  |  ATR:    342  |  %b: 0.815 ⚖️正常       ║
╠══════════════════════════════════════════════════════════════╣
║  4h: 📉  |  1d: 📉  |  RSI: ⚖️56.9        ║
╠══════════════════════════════════════════════════════════════╣
║  📊 持仓: LONG x 1仓 共0.12 BTC  |  📉-2.23%    ║
║  仓1: SL$76,357 TP$82,655 @ $78,719 (0.12BTC)  ║
╠══════════════════════════════════════════════════════════════╣
║  🎯 【做多-v2.2】大周期空头+5m超卖反弹
理由: 4h+1d均线空头,价格跌至布林下轨偏离-0.0%
║
╚══════════════════════════════════════════════════════════════╝

╔══════════════════════════════════════════════════════════════╗
║  BTC AUTO-TRADE  15:02:57                        ║
╠══════════════════════════════════════════════════════════════╣
║  💰    76,966.00  |  ATR:    342  |  %b: 0.815 ⚖️正常       ║
╠══════════════════════════════════════════════════════════════╣
║  4h: 📉  |  1d: 📉  |  RSI: ⚖️56.9        ║
╠══════════════════════════════════════════════════════════════╣
║  📊 持仓: LONG x 1仓 共0.12 BTC  |  📉-2.23%    ║
║  仓1: SL$76,357 TP$82,655 @ $78,719 (0.12BTC)  ║
╠══════════════════════════════════════════════════════════════╣
║  🎯 【做多-v2.2】大周期空头+5m超卖反弹
理由: 4h+1d均线空头,价格跌至布林下轨偏离-0.0%
║
╚══════════════════════════════════════════════════════════════╝
[15:02:57] ✅ SL/TP检查正常 (交易所查询) 1个仓位全部完整

╔══════════════════════════════════════════════════════════════╗
║  BTC AUTO-TRADE  15:03:00                        ║
╠══════════════════════════════════════════════════════════════╣
║  💰    76,965.90  |  ATR:    342  |  %b: 0.814 ⚖️正常       ║
╠══════════════════════════════════════════════════════════════╣
║  4h: 📉  |  1d: 📉  |  RSI: ⚖️56.9        ║
╠══════════════════════════════════════════════════════════════╣
║  📊 持仓: LONG x 1仓 共0.12 BTC  |  📉-2.23%    ║
║  仓1: SL$76,357 TP$82,655 @ $78,719 (0.12BTC)  ║
╠══════════════════════════════════════════════════════════════╣
║  🎯 【做多-v2.2】大周期空头+5m超卖反弹
理由: 4h+1d均线空头,价格跌至布林下轨偏离-0.0%
║
╚══════════════════════════════════════════════════════════════╝

╔══════════════════════════════════════════════════════════════╗
║  BTC AUTO-TRADE  15:03:02                        ║
╠══════════════════════════════════════════════════════════════╣
║  💰    76,966.00  |  ATR:    342  |  %b: 0.815 ⚖️正常       ║
╠══════════════════════════════════════════════════════════════╣
║  4h: 📉  |  1d: 📉  |  RSI: ⚖️56.9        ║
╠══════════════════════════════════════════════════════════════╣
║  📊 持仓: LONG x 1仓 共0.12 BTC  |  📉-2.23%    ║
║  仓1: SL$76,357 TP$82,655 @ $78,719 (0.12BTC)  ║
╠══════════════════════════════════════════════════════════════╣
║  🎯 【做多-v2.2】大周期空头+5m超卖反弹
理由: 4h+1d均线空头,价格跌至布林下轨偏离-0.0%
║
╚══════════════════════════════════════════════════════════════╝

╔══════════════════════════════════════════════════════════════╗
║  BTC AUTO-TRADE  15:03:05                        ║
╠══════════════════════════════════════════════════════════════╣
║  💰    76,946.20  |  ATR:    342  |  %b: 0.768 ⚖️正常       ║
╠══════════════════════════════════════════════════════════════╣
║  4h: 📉  |  1d: 📉  |  RSI: ⚖️55.8        ║
╠══════════════════════════════════════════════════════════════╣
║  📊 持仓: LONG x 1仓 共0.12 BTC  |  📉-2.25%    ║
║  仓1: SL$76,357 TP$82,655 @ $78,719 (0.12BTC)  ║
╠══════════════════════════════════════════════════════════════╣
║  🎯 【做多-v2.2】大周期空头+5m超卖反弹
理由: 4h+1d均线空头,价格跌至布林下轨偏离-0.0%
║
╚══════════════════════════════════════════════════════════════╝

╔══════════════════════════════════════════════════════════════╗
║  BTC AUTO-TRADE  15:03:07                        ║
╠══════════════════════════════════════════════════════════════╣
║  💰    76,946.20  |  ATR:    342  |  %b: 0.768 ⚖️正常       ║
╠══════════════════════════════════════════════════════════════╣
║  4h: 📉  |  1d: 📉  |  RSI: ⚖️55.8        ║
╠══════════════════════════════════════════════════════════════╣
║  📊 持仓: LONG x 1仓 共0.12 BTC  |  📉-2.25%    ║
║  仓1: SL$76,357 TP$82,655 @ $78,719 (0.12BTC)  ║
╠══════════════════════════════════════════════════════════════╣
║  🎯 【做多-v2.2】大周期空头+5m超卖反弹
理由: 4h+1d均线空头,价格跌至布林下轨偏离-0.0%
║
╚══════════════════════════════════════════════════════════════╝

╔══════════════════════════════════════════════════════════════╗
║  BTC AUTO-TRADE  15:03:10                        ║
╠══════════════════════════════════════════════════════════════╣
║  💰    76,947.20  |  ATR:    342  |  %b: 0.771 ⚖️正常       ║
╠══════════════════════════════════════════════════════════════╣
║  4h: 📉  |  1d: 📉  |  RSI: ⚖️55.9        ║
╠══════════════════════════════════════════════════════════════╣
║  📊 持仓: LONG x 1仓 共0.12 BTC  |  📉-2.25%    ║
║  仓1: SL$76,357 TP$82,655 @ $78,719 (0.12BTC)  ║
╠══════════════════════════════════════════════════════════════╣
║  🎯 【做多-v2.2】大周期空头+5m超卖反弹
理由: 4h+1d均线空头,价格跌至布林下轨偏离-0.0%
║
╚══════════════════════════════════════════════════════════════╝

╔══════════════════════════════════════════════════════════════╗
║  BTC AUTO-TRADE  15:03:12                        ║
╠══════════════════════════════════════════════════════════════╣
║  💰    76,951.50  |  ATR:    342  |  %b: 0.781 ⚖️正常       ║
╠══════════════════════════════════════════════════════════════╣
║  4h: 📉  |  1d: 📉  |  RSI: ⚖️56.1        ║
╠══════════════════════════════════════════════════════════════╣
║  📊 持仓: LONG x 1仓 共0.12 BTC  |  📉-2.24%    ║
║  仓1: SL$76,357 TP$82,655 @ $78,719 (0.12BTC)  ║
╠══════════════════════════════════════════════════════════════╣
║  🎯 【做多-v2.2】大周期空头+5m超卖反弹
理由: 4h+1d均线空头,价格跌至布林下轨偏离-0.0%
║
╚══════════════════════════════════════════════════════════════╝
[15:03:12] ✅ SL/TP检查正常 (交易所查询) 1个仓位全部完整

╔══════════════════════════════════════════════════════════════╗
║  BTC AUTO-TRADE  15:03:15                        ║
╠══════════════════════════════════════════════════════════════╣
║  💰    76,958.00  |  ATR:    342  |  %b: 0.796 ⚖️正常       ║
╠══════════════════════════════════════════════════════════════╣
║  4h: 📉  |  1d: 📉  |  RSI: ⚖️56.5        ║
╠══════════════════════════════════════════════════════════════╣
║  📊 持仓: LONG x 1仓 共0.12 BTC  |  📉-2.24%    ║
║  仓1: SL$76,357 TP$82,655 @ $78,719 (0.12BTC)  ║
╠══════════════════════════════════════════════════════════════╣
║  🎯 【做多-v2.2】大周期空头+5m超卖反弹
理由: 4h+1d均线空头,价格跌至布林下轨偏离-0.0%
║
╚══════════════════════════════════════════════════════════════╝

╔══════════════════════════════════════════════════════════════╗
║  BTC AUTO-TRADE  15:03:17                        ║
╠══════════════════════════════════════════════════════════════╣
║  💰    76,960.90  |  ATR:    342  |  %b: 0.803 ⚖️正常       ║
╠══════════════════════════════════════════════════════════════╣
║  4h: 📉  |  1d: 📉  |  RSI: ⚖️56.6        ║
╠══════════════════════════════════════════════════════════════╣
║  📊 持仓: LONG x 1仓 共0.12 BTC  |  📉-2.23%    ║
║  仓1: SL$76,357 TP$82,655 @ $78,719 (0.12BTC)  ║
╠══════════════════════════════════════════════════════════════╣
║  🎯 【做多-v2.2】大周期空头+5m超卖反弹
理由: 4h+1d均线空头,价格跌至布林下轨偏离-0.0%
║
╚══════════════════════════════════════════════════════════════╝

╔══════════════════════════════════════════════════════════════╗
║  BTC AUTO-TRADE  15:03:20                        ║
╠══════════════════════════════════════════════════════════════╣
║  💰    76,960.90  |  ATR:    342  |  %b: 0.803 ⚖️正常       ║
╠══════════════════════════════════════════════════════════════╣
║  4h: 📉  |  1d: 📉  |  RSI: ⚖️56.6        ║
╠══════════════════════════════════════════════════════════════╣
║  📊 持仓: LONG x 1仓 共0.12 BTC  |  📉-2.23%    ║
║  仓1: SL$76,357 TP$82,655 @ $78,719 (0.12BTC)  ║
╠══════════════════════════════════════════════════════════════╣
║  🎯 【做多-v2.2】大周期空头+5m超卖反弹
理由: 4h+1d均线空头,价格跌至布林下轨偏离-0.0%
║
╚══════════════════════════════════════════════════════════════╝

╔══════════════════════════════════════════════════════════════╗
║  BTC AUTO-TRADE  15:03:22                        ║
╠══════════════════════════════════════════════════════════════╣
║  💰    76,960.80  |  ATR:    342  |  %b: 0.803 ⚖️正常       ║
╠══════════════════════════════════════════════════════════════╣
║  4h: 📉  |  1d: 📉  |  RSI: ⚖️56.6        ║
╠══════════════════════════════════════════════════════════════╣
║  📊 持仓: LONG x 1仓 共0.12 BTC  |  📉-2.23%    ║
║  仓1: SL$76,357 TP$82,655 @ $78,719 (0.12BTC)  ║
╠══════════════════════════════════════════════════════════════╣
║  🎯 【做多-v2.2】大周期空头+5m超卖反弹
理由: 4h+1d均线空头,价格跌至布林下轨偏离-0.0%
║
╚══════════════════════════════════════════════════════════════╝

╔══════════════════════════════════════════════════════════════╗
║  BTC AUTO-TRADE  15:03:25                        ║
╠══════════════════════════════════════════════════════════════╣
║  💰    76,960.80  |  ATR:    342  |  %b: 0.803 ⚖️正常       ║
╠══════════════════════════════════════════════════════════════╣
║  4h: 📉  |  1d: 📉  |  RSI: ⚖️56.6        ║
╠══════════════════════════════════════════════════════════════╣
║  📊 持仓: LONG x 1仓 共0.12 BTC  |  📉-2.23%    ║
║  仓1: SL$76,357 TP$82,655 @ $78,719 (0.12BTC)  ║
╠══════════════════════════════════════════════════════════════╣
║  🎯 【做多-v2.2】大周期空头+5m超卖反弹
理由: 4h+1d均线空头,价格跌至布林下轨偏离-0.0%
║
╚══════════════════════════════════════════════════════════════╝

╔══════════════════════════════════════════════════════════════╗
║  BTC AUTO-TRADE  15:03:27                        ║
╠══════════════════════════════════════════════════════════════╣
║  💰    76,961.70  |  ATR:    342  |  %b: 0.805 ⚖️正常       ║
╠══════════════════════════════════════════════════════════════╣
║  4h: 📉  |  1d: 📉  |  RSI: ⚖️56.7        ║
╠══════════════════════════════════════════════════════════════╣
║  📊 持仓: LONG x 1仓 共0.12 BTC  |  📉-2.23%    ║
║  仓1: SL$76,357 TP$82,655 @ $78,719 (0.12BTC)  ║
╠══════════════════════════════════════════════════════════════╣
║  🎯 【做多-v2.2】大周期空头+5m超卖反弹
理由: 4h+1d均线空头,价格跌至布林下轨偏离-0.0%
║
╚══════════════════════════════════════════════════════════════╝
[15:03:27] ✅ SL/TP检查正常 (交易所查询) 1个仓位全部完整

╔══════════════════════════════════════════════════════════════╗
║  BTC AUTO-TRADE  15:03:30                        ║
╠══════════════════════════════════════════════════════════════╣
║  💰    76,961.60  |  ATR:    342  |  %b: 0.805 ⚖️正常       ║
╠══════════════════════════════════════════════════════════════╣
║  4h: 📉  |  1d: 📉  |  RSI: ⚖️56.7        ║
╠══════════════════════════════════════════════════════════════╣
║  📊 持仓: LONG x 1仓 共0.12 BTC  |  📉-2.23%    ║
║  仓1: SL$76,357 TP$82,655 @ $78,719 (0.12BTC)  ║
╠══════════════════════════════════════════════════════════════╣
║  🎯 【做多-v2.2】大周期空头+5m超卖反弹
理由: 4h+1d均线空头,价格跌至布林下轨偏离-0.0%
║
╚══════════════════════════════════════════════════════════════╝

╔══════════════════════════════════════════════════════════════╗
║  BTC AUTO-TRADE  15:03:32                        ║
╠══════════════════════════════════════════════════════════════╣
║  💰    76,961.60  |  ATR:    342  |  %b: 0.805 ⚖️正常       ║
╠══════════════════════════════════════════════════════════════╣
║  4h: 📉  |  1d: 📉  |  RSI: ⚖️56.7        ║
╠══════════════════════════════════════════════════════════════╣
║  📊 持仓: LONG x 1仓 共0.12 BTC  |  📉-2.23%    ║
║  仓1: SL$76,357 TP$82,655 @ $78,719 (0.12BTC)  ║
╠══════════════════════════════════════════════════════════════╣
║  🎯 【做多-v2.2】大周期空头+5m超卖反弹
理由: 4h+1d均线空头,价格跌至布林下轨偏离-0.0%
║
╚══════════════════════════════════════════════════════════════╝

╔══════════════════════════════════════════════════════════════╗
║  BTC AUTO-TRADE  15:03:35                        ║
╠══════════════════════════════════════════════════════════════╣
║  💰    76,961.60  |  ATR:    342  |  %b: 0.805 ⚖️正常       ║
╠══════════════════════════════════════════════════════════════╣
║  4h: 📉  |  1d: 📉  |  RSI: ⚖️56.7        ║
╠══════════════════════════════════════════════════════════════╣
║  📊 持仓: LONG x 1仓 共0.12 BTC  |  📉-2.23%    ║
║  仓1: SL$76,357 TP$82,655 @ $78,719 (0.12BTC)  ║
╠══════════════════════════════════════════════════════════════╣
║  🎯 【做多-v2.2】大周期空头+5m超卖反弹
理由: 4h+1d均线空头,价格跌至布林下轨偏离-0.0%
║
╚══════════════════════════════════════════════════════════════╝

╔══════════════════════════════════════════════════════════════╗
║  BTC AUTO-TRADE  15:03:37                        ║
╠══════════════════════════════════════════════════════════════╣
║  💰    76,961.60  |  ATR:    342  |  %b: 0.805 ⚖️正常       ║
╠══════════════════════════════════════════════════════════════╣
║  4h: 📉  |  1d: 📉  |  RSI: ⚖️56.7        ║
╠══════════════════════════════════════════════════════════════╣
║  📊 持仓: LONG x 1仓 共0.12 BTC  |  📉-2.23%    ║
║  仓1: SL$76,357 TP$82,655 @ $78,719 (0.12BTC)  ║
╠══════════════════════════════════════════════════════════════╣
║  🎯 【做多-v2.2】大周期空头+5m超卖反弹
理由: 4h+1d均线空头,价格跌至布林下轨偏离-0.0%
║
╚══════════════════════════════════════════════════════════════╝

╔══════════════════════════════════════════════════════════════╗
║  BTC AUTO-TRADE  15:03:40                        ║
╠══════════════════════════════════════════════════════════════╣
║  💰    76,961.70  |  ATR:    342  |  %b: 0.805 ⚖️正常       ║
╠══════════════════════════════════════════════════════════════╣
║  4h: 📉  |  1d: 📉  |  RSI: ⚖️56.7        ║
╠══════════════════════════════════════════════════════════════╣
║  📊 持仓: LONG x 1仓 共0.12 BTC  |  📉-2.23%    ║
║  仓1: SL$76,357 TP$82,655 @ $78,719 (0.12BTC)  ║
╠══════════════════════════════════════════════════════════════╣
║  🎯 【做多-v2.2】大周期空头+5m超卖反弹
理由: 4h+1d均线空头,价格跌至布林下轨偏离-0.0%
║
╚══════════════════════════════════════════════════════════════╝

╔══════════════════════════════════════════════════════════════╗
║  BTC AUTO-TRADE  15:03:42                        ║
╠══════════════════════════════════════════════════════════════╣
║  💰    76,961.70  |  ATR:    342  |  %b: 0.805 ⚖️正常       ║
╠══════════════════════════════════════════════════════════════╣
║  4h: 📉  |  1d: 📉  |  RSI: ⚖️56.7        ║
╠══════════════════════════════════════════════════════════════╣
║  📊 持仓: LONG x 1仓 共0.12 BTC  |  📉-2.23%    ║
║  仓1: SL$76,357 TP$82,655 @ $78,719 (0.12BTC)  ║
╠══════════════════════════════════════════════════════════════╣
║  🎯 【做多-v2.2】大周期空头+5m超卖反弹
理由: 4h+1d均线空头,价格跌至布林下轨偏离-0.0%
║
╚══════════════════════════════════════════════════════════════╝
[15:03:42] ✅ SL/TP检查正常 (交易所查询) 1个仓位全部完整

╔══════════════════════════════════════════════════════════════╗
║  BTC AUTO-TRADE  15:03:45                        ║
╠══════════════════════════════════════════════════════════════╣
║  💰    76,961.70  |  ATR:    342  |  %b: 0.805 ⚖️正常       ║
╠══════════════════════════════════════════════════════════════╣
║  4h: 📉  |  1d: 📉  |  RSI: ⚖️56.7        ║
╠══════════════════════════════════════════════════════════════╣
║  📊 持仓: LONG x 1仓 共0.12 BTC  |  📉-2.23%    ║
║  仓1: SL$76,357 TP$82,655 @ $78,719 (0.12BTC)  ║
╠══════════════════════════════════════════════════════════════╣
║  🎯 【做多-v2.2】大周期空头+5m超卖反弹
理由: 4h+1d均线空头,价格跌至布林下轨偏离-0.0%
║
╚══════════════════════════════════════════════════════════════╝

╔══════════════════════════════════════════════════════════════╗
║  BTC AUTO-TRADE  15:03:47                        ║
╠══════════════════════════════════════════════════════════════╣
║  💰    76,961.60  |  ATR:    342  |  %b: 0.805 ⚖️正常       ║
╠══════════════════════════════════════════════════════════════╣
║  4h: 📉  |  1d: 📉  |  RSI: ⚖️56.7        ║
╠══════════════════════════════════════════════════════════════╣
║  📊 持仓: LONG x 1仓 共0.12 BTC  |  📉-2.23%    ║
║  仓1: SL$76,357 TP$82,655 @ $78,719 (0.12BTC)  ║
╠══════════════════════════════════════════════════════════════╣
║  🎯 【做多-v2.2】大周期空头+5m超卖反弹
理由: 4h+1d均线空头,价格跌至布林下轨偏离-0.0%
║
╚══════════════════════════════════════════════════════════════╝

╔══════════════════════════════════════════════════════════════╗
║  BTC AUTO-TRADE  15:03:50                        ║
╠══════════════════════════════════════════════════════════════╣
║  💰    76,961.70  |  ATR:    342  |  %b: 0.805 ⚖️正常       ║
╠══════════════════════════════════════════════════════════════╣
║  4h: 📉  |  1d: 📉  |  RSI: ⚖️56.7        ║
╠══════════════════════════════════════════════════════════════╣
║  📊 持仓: LONG x 1仓 共0.12 BTC  |  📉-2.23%    ║
║  仓1: SL$76,357 TP$82,655 @ $78,719 (0.12BTC)  ║
╠══════════════════════════════════════════════════════════════╣
║  🎯 【做多-v2.2】大周期空头+5m超卖反弹
理由: 4h+1d均线空头,价格跌至布林下轨偏离-0.0%
║
╚══════════════════════════════════════════════════════════════╝

╔══════════════════════════════════════════════════════════════╗
║  BTC AUTO-TRADE  15:03:52                        ║
╠══════════════════════════════════════════════════════════════╣
║  💰    76,961.70  |  ATR:    342  |  %b: 0.805 ⚖️正常       ║
╠══════════════════════════════════════════════════════════════╣
║  4h: 📉  |  1d: 📉  |  RSI: ⚖️56.7        ║
╠══════════════════════════════════════════════════════════════╣
║  📊 持仓: LONG x 1仓 共0.12 BTC  |  📉-2.23%    ║
║  仓1: SL$76,357 TP$82,655 @ $78,719 (0.12BTC)  ║
╠══════════════════════════════════════════════════════════════╣
║  🎯 【做多-v2.2】大周期空头+5m超卖反弹
理由: 4h+1d均线空头,价格跌至布林下轨偏离-0.0%
║
╚══════════════════════════════════════════════════════════════╝

╔══════════════════════════════════════════════════════════════╗
║  BTC AUTO-TRADE  15:03:55                        ║
╠══════════════════════════════════════════════════════════════╣
║  💰    76,961.60  |  ATR:    342  |  %b: 0.805 ⚖️正常       ║
╠══════════════════════════════════════════════════════════════╣
║  4h: 📉  |  1d: 📉  |  RSI: ⚖️56.7        ║
╠══════════════════════════════════════════════════════════════╣
║  📊 持仓: LONG x 1仓 共0.12 BTC  |  📉-2.23%    ║
║  仓1: SL$76,357 TP$82,655 @ $78,719 (0.12BTC)  ║
╠══════════════════════════════════════════════════════════════╣
║  🎯 【做多-v2.2】大周期空头+5m超卖反弹
理由: 4h+1d均线空头,价格跌至布林下轨偏离-0.0%
║
╚══════════════════════════════════════════════════════════════╝

╔══════════════════════════════════════════════════════════════╗
║  BTC AUTO-TRADE  15:03:57                        ║
╠══════════════════════════════════════════════════════════════╣
║  💰    76,961.60  |  ATR:    342  |  %b: 0.805 ⚖️正常       ║
╠══════════════════════════════════════════════════════════════╣
║  4h: 📉  |  1d: 📉  |  RSI: ⚖️56.7        ║
╠══════════════════════════════════════════════════════════════╣
║  📊 持仓: LONG x 1仓 共0.12 BTC  |  📉-2.23%    ║
║  仓1: SL$76,357 TP$82,655 @ $78,719 (0.12BTC)  ║
╠══════════════════════════════════════════════════════════════╣
║  🎯 【做多-v2.2】大周期空头+5m超卖反弹
理由: 4h+1d均线空头,价格跌至布林下轨偏离-0.0%
║
╚══════════════════════════════════════════════════════════════╝
[15:03:57] ✅ SL/TP检查正常 (交易所查询) 1个仓位全部完整

╔══════════════════════════════════════════════════════════════╗
║  BTC AUTO-TRADE  15:04:00                        ║
╠══════════════════════════════════════════════════════════════╣
║  💰    76,961.60  |  ATR:    342  |  %b: 0.805 ⚖️正常       ║
╠══════════════════════════════════════════════════════════════╣
║  4h: 📉  |  1d: 📉  |  RSI: ⚖️56.7        ║
╠══════════════════════════════════════════════════════════════╣
║  📊 持仓: LONG x 1仓 共0.12 BTC  |  📉-2.23%    ║
║  仓1: SL$76,357 TP$82,655 @ $78,719 (0.12BTC)  ║
╠══════════════════════════════════════════════════════════════╣
║  🎯 【做多-v2.2】大周期空头+5m超卖反弹
理由: 4h+1d均线空头,价格跌至布林下轨偏离-0.0%
║
╚══════════════════════════════════════════════════════════════╝

╔══════════════════════════════════════════════════════════════╗
║  BTC AUTO-TRADE  15:04:02                        ║
╠══════════════════════════════════════════════════════════════╣
║  💰    76,950.90  |  ATR:    342  |  %b: 0.780 ⚖️正常       ║
╠══════════════════════════════════════════════════════════════╣
║  4h: 📉  |  1d: 📉  |  RSI: ⚖️56.1        ║
╠══════════════════════════════════════════════════════════════╣
║  📊 持仓: LONG x 1仓 共0.12 BTC  |  📉-2.25%    ║
║  仓1: SL$76,357 TP$82,655 @ $78,719 (0.12BTC)  ║
╠══════════════════════════════════════════════════════════════╣
║  🎯 【做多-v2.2】大周期空头+5m超卖反弹
理由: 4h+1d均线空头,价格跌至布林下轨偏离-0.0%
║
╚══════════════════════════════════════════════════════════════╝

╔══════════════════════════════════════════════════════════════╗
║  BTC AUTO-TRADE  15:04:05                        ║
╠══════════════════════════════════════════════════════════════╣
║  💰    76,951.00  |  ATR:    342  |  %b: 0.780 ⚖️正常       ║
╠══════════════════════════════════════════════════════════════╣
║  4h: 📉  |  1d: 📉  |  RSI: ⚖️56.1        ║
╠══════════════════════════════════════════════════════════════╣
║  📊 持仓: LONG x 1仓 共0.12 BTC  |  📉-2.25%    ║
║  仓1: SL$76,357 TP$82,655 @ $78,719 (0.12BTC)  ║
╠══════════════════════════════════════════════════════════════╣
║  🎯 【做多-v2.2】大周期空头+5m超卖反弹
理由: 4h+1d均线空头,价格跌至布林下轨偏离-0.0%
║
╚══════════════════════════════════════════════════════════════╝

╔══════════════════════════════════════════════════════════════╗
║  BTC AUTO-TRADE  15:04:07                        ║
╠══════════════════════════════════════════════════════════════╣
║  💰    76,951.00  |  ATR:    342  |  %b: 0.780 ⚖️正常       ║
╠══════════════════════════════════════════════════════════════╣
║  4h: 📉  |  1d: 📉  |  RSI: ⚖️56.1        ║
╠══════════════════════════════════════════════════════════════╣
║  📊 持仓: LONG x 1仓 共0.12 BTC  |  📉-2.25%    ║
║  仓1: SL$76,357 TP$82,655 @ $78,719 (0.12BTC)  ║
╠══════════════════════════════════════════════════════════════╣
║  🎯 【做多-v2.2】大周期空头+5m超卖反弹
理由: 4h+1d均线空头,价格跌至布林下轨偏离-0.0%
║
╚══════════════════════════════════════════════════════════════╝

╔══════════════════════════════════════════════════════════════╗
║  BTC AUTO-TRADE  15:04:10                        ║
╠══════════════════════════════════════════════════════════════╣
║  💰    76,930.00  |  ATR:    342  |  %b: 0.730 ⚖️正常       ║
╠══════════════════════════════════════════════════════════════╣
║  4h: 📉  |  1d: 📉  |  RSI: ⚖️54.9        ║
╠══════════════════════════════════════════════════════════════╣
║  📊 持仓: LONG x 1仓 共0.12 BTC  |  📉-2.27%    ║
║  仓1: SL$76,357 TP$82,655 @ $78,719 (0.12BTC)  ║
╠══════════════════════════════════════════════════════════════╣
║  🎯 【做多-v2.2】大周期空头+5m超卖反弹
理由: 4h+1d均线空头,价格跌至布林下轨偏离-0.0%
║
╚══════════════════════════════════════════════════════════════╝

╔══════════════════════════════════════════════════════════════╗
║  BTC AUTO-TRADE  15:04:12                        ║
╠══════════════════════════════════════════════════════════════╣
║  💰    76,930.00  |  ATR:    342  |  %b: 0.730 ⚖️正常       ║
╠══════════════════════════════════════════════════════════════╣
║  4h: 📉  |  1d: 📉  |  RSI: ⚖️54.9        ║
╠══════════════════════════════════════════════════════════════╣
║  📊 持仓: LONG x 1仓 共0.12 BTC  |  📉-2.27%    ║
║  仓1: SL$76,357 TP$82,655 @ $78,719 (0.12BTC)  ║
╠══════════════════════════════════════════════════════════════╣
║  🎯 【做多-v2.2】大周期空头+5m超卖反弹
理由: 4h+1d均线空头,价格跌至布林下轨偏离-0.0%
║
╚══════════════════════════════════════════════════════════════╝
[15:04:12] ✅ SL/TP检查正常 (交易所查询) 1个仓位全部完整

╔══════════════════════════════════════════════════════════════╗
║  BTC AUTO-TRADE  15:04:15                        ║
╠══════════════════════════════════════════════════════════════╣
║  💰    76,923.50  |  ATR:    342  |  %b: 0.714 ⚖️正常       ║
╠══════════════════════════════════════════════════════════════╣
║  4h: 📉  |  1d: 📉  |  RSI: ⚖️54.5        ║
╠══════════════════════════════════════════════════════════════╣
║  📊 持仓: LONG x 1仓 共0.12 BTC  |  📉-2.28%    ║
║  仓1: SL$76,357 TP$82,655 @ $78,719 (0.12BTC)  ║
╠══════════════════════════════════════════════════════════════╣
║  🎯 【做多-v2.2】大周期空头+5m超卖反弹
理由: 4h+1d均线空头,价格跌至布林下轨偏离-0.0%
║
╚══════════════════════════════════════════════════════════════╝

╔══════════════════════════════════════════════════════════════╗
║  BTC AUTO-TRADE  15:04:17                        ║
╠══════════════════════════════════════════════════════════════╣
║  💰    76,923.50  |  ATR:    342  |  %b: 0.714 ⚖️正常       ║
╠══════════════════════════════════════════════════════════════╣
║  4h: 📉  |  1d: 📉  |  RSI: ⚖️54.5        ║
╠══════════════════════════════════════════════════════════════╣
║  📊 持仓: LONG x 1仓 共0.12 BTC  |  📉-2.28%    ║
║  仓1: SL$76,357 TP$82,655 @ $78,719 (0.12BTC)  ║
╠══════════════════════════════════════════════════════════════╣
║  🎯 【做多-v2.2】大周期空头+5m超卖反弹
理由: 4h+1d均线空头,价格跌至布林下轨偏离-0.0%
║
╚══════════════════════════════════════════════════════════════╝

╔══════════════════════════════════════════════════════════════╗
║  BTC AUTO-TRADE  15:04:20                        ║
╠══════════════════════════════════════════════════════════════╣
║  💰    76,923.40  |  ATR:    342  |  %b: 0.713 ⚖️正常       ║
╠══════════════════════════════════════════════════════════════╣
║  4h: 📉  |  1d: 📉  |  RSI: ⚖️54.5        ║
╠══════════════════════════════════════════════════════════════╣
║  📊 持仓: LONG x 1仓 共0.12 BTC  |  📉-2.28%    ║
║  仓1: SL$76,357 TP$82,655 @ $78,719 (0.12BTC)  ║
╠══════════════════════════════════════════════════════════════╣
║  🎯 【做多-v2.2】大周期空头+5m超卖反弹
理由: 4h+1d均线空头,价格跌至布林下轨偏离-0.0%
║
╚══════════════════════════════════════════════════════════════╝

╔══════════════════════════════════════════════════════════════╗
║  BTC AUTO-TRADE  15:04:22                        ║
╠══════════════════════════════════════════════════════════════╣
║  💰    76,923.50  |  ATR:    342  |  %b: 0.714 ⚖️正常       ║
╠══════════════════════════════════════════════════════════════╣
║  4h: 📉  |  1d: 📉  |  RSI: ⚖️54.5        ║
╠══════════════════════════════════════════════════════════════╣
║  📊 持仓: LONG x 1仓 共0.12 BTC  |  📉-2.28%    ║
║  仓1: SL$76,357 TP$82,655 @ $78,719 (0.12BTC)  ║
╠══════════════════════════════════════════════════════════════╣
║  🎯 【做多-v2.2】大周期空头+5m超卖反弹
理由: 4h+1d均线空头,价格跌至布林下轨偏离-0.0%
║
╚══════════════════════════════════════════════════════════════╝

╔══════════════════════════════════════════════════════════════╗
║  BTC AUTO-TRADE  15:04:25                        ║
╠══════════════════════════════════════════════════════════════╣
║  💰    76,923.50  |  ATR:    342  |  %b: 0.714 ⚖️正常       ║
╠══════════════════════════════════════════════════════════════╣
║  4h: 📉  |  1d: 📉  |  RSI: ⚖️54.5        ║
╠══════════════════════════════════════════════════════════════╣
║  📊 持仓: LONG x 1仓 共0.12 BTC  |  📉-2.28%    ║
║  仓1: SL$76,357 TP$82,655 @ $78,719 (0.12BTC)  ║
╠══════════════════════════════════════════════════════════════╣
║  🎯 【做多-v2.2】大周期空头+5m超卖反弹
理由: 4h+1d均线空头,价格跌至布林下轨偏离-0.0%
║
╚══════════════════════════════════════════════════════════════╝

╔══════════════════════════════════════════════════════════════╗
║  BTC AUTO-TRADE  15:04:27                        ║
╠══════════════════════════════════════════════════════════════╣
║  💰    76,923.50  |  ATR:    342  |  %b: 0.714 ⚖️正常       ║
╠══════════════════════════════════════════════════════════════╣
║  4h: 📉  |  1d: 📉  |  RSI: ⚖️54.5        ║
╠══════════════════════════════════════════════════════════════╣
║  📊 持仓: LONG x 1仓 共0.12 BTC  |  📉-2.28%    ║
║  仓1: SL$76,357 TP$82,655 @ $78,719 (0.12BTC)  ║
╠══════════════════════════════════════════════════════════════╣
║  🎯 【做多-v2.2】大周期空头+5m超卖反弹
理由: 4h+1d均线空头,价格跌至布林下轨偏离-0.0%
║
╚══════════════════════════════════════════════════════════════╝
[15:04:27] ✅ SL/TP检查正常 (交易所查询) 1个仓位全部完整

╔══════════════════════════════════════════════════════════════╗
║  BTC AUTO-TRADE  15:04:30                        ║
╠══════════════════════════════════════════════════════════════╣
║  💰    76,923.50  |  ATR:    342  |  %b: 0.714 ⚖️正常       ║
╠══════════════════════════════════════════════════════════════╣
║  4h: 📉  |  1d: 📉  |  RSI: ⚖️54.5        ║
╠══════════════════════════════════════════════════════════════╣
║  📊 持仓: LONG x 1仓 共0.12 BTC  |  📉-2.28%    ║
║  仓1: SL$76,357 TP$82,655 @ $78,719 (0.12BTC)  ║
╠══════════════════════════════════════════════════════════════╣
║  🎯 【做多-v2.2】大周期空头+5m超卖反弹
理由: 4h+1d均线空头,价格跌至布林下轨偏离-0.0%
║
╚══════════════════════════════════════════════════════════════╝

╔══════════════════════════════════════════════════════════════╗
║  BTC AUTO-TRADE  15:04:32                        ║
╠══════════════════════════════════════════════════════════════╣
║  💰    76,923.50  |  ATR:    342  |  %b: 0.714 ⚖️正常       ║
╠══════════════════════════════════════════════════════════════╣
║  4h: 📉  |  1d: 📉  |  RSI: ⚖️54.5        ║
╠══════════════════════════════════════════════════════════════╣
║  📊 持仓: LONG x 1仓 共0.12 BTC  |  📉-2.28%    ║
║  仓1: SL$76,357 TP$82,655 @ $78,719 (0.12BTC)  ║
╠══════════════════════════════════════════════════════════════╣
║  🎯 【做多-v2.2】大周期空头+5m超卖反弹
理由: 4h+1d均线空头,价格跌至布林下轨偏离-0.0%
║
╚══════════════════════════════════════════════════════════════╝

╔══════════════════════════════════════════════════════════════╗
║  BTC AUTO-TRADE  15:04:35                        ║
╠══════════════════════════════════════════════════════════════╣
║  💰    76,923.50  |  ATR:    342  |  %b: 0.714 ⚖️正常       ║
╠══════════════════════════════════════════════════════════════╣
║  4h: 📉  |  1d: 📉  |  RSI: ⚖️54.5        ║
╠══════════════════════════════════════════════════════════════╣
║  📊 持仓: LONG x 1仓 共0.12 BTC  |  📉-2.28%    ║
║  仓1: SL$76,357 TP$82,655 @ $78,719 (0.12BTC)  ║
╠══════════════════════════════════════════════════════════════╣
║  🎯 【做多-v2.2】大周期空头+5m超卖反弹
理由: 4h+1d均线空头,价格跌至布林下轨偏离-0.0%
║
╚══════════════════════════════════════════════════════════════╝

╔══════════════════════════════════════════════════════════════╗
║  BTC AUTO-TRADE  15:04:37                        ║
╠══════════════════════════════════════════════════════════════╣
║  💰    76,930.10  |  ATR:    342  |  %b: 0.730 ⚖️正常       ║
╠══════════════════════════════════════════════════════════════╣
║  4h: 📉  |  1d: 📉  |  RSI: ⚖️54.9        ║
╠══════════════════════════════════════════════════════════════╣
║  📊 持仓: LONG x 1仓 共0.12 BTC  |  📉-2.27%    ║
║  仓1: SL$76,357 TP$82,655 @ $78,719 (0.12BTC)  ║
╠══════════════════════════════════════════════════════════════╣
║  🎯 【做多-v2.2】大周期空头+5m超卖反弹
理由: 4h+1d均线空头,价格跌至布林下轨偏离-0.0%
║
╚══════════════════════════════════════════════════════════════╝

╔══════════════════════════════════════════════════════════════╗
║  BTC AUTO-TRADE  15:04:40                        ║
╠══════════════════════════════════════════════════════════════╣
║  💰    76,930.10  |  ATR:    342  |  %b: 0.730 ⚖️正常       ║
╠══════════════════════════════════════════════════════════════╣
║  4h: 📉  |  1d: 📉  |  RSI: ⚖️54.9        ║
╠══════════════════════════════════════════════════════════════╣
║  📊 持仓: LONG x 1仓 共0.12 BTC  |  📉-2.27%    ║
║  仓1: SL$76,357 TP$82,655 @ $78,719 (0.12BTC)  ║
╠══════════════════════════════════════════════════════════════╣
║  🎯 【做多-v2.2】大周期空头+5m超卖反弹
理由: 4h+1d均线空头,价格跌至布林下轨偏离-0.0%
║
╚══════════════════════════════════════════════════════════════╝

╔══════════════════════════════════════════════════════════════╗
║  BTC AUTO-TRADE  15:04:42                        ║
╠══════════════════════════════════════════════════════════════╣
║  💰    76,930.10  |  ATR:    342  |  %b: 0.730 ⚖️正常       ║
╠══════════════════════════════════════════════════════════════╣
║  4h: 📉  |  1d: 📉  |  RSI: ⚖️54.9        ║
╠══════════════════════════════════════════════════════════════╣
║  📊 持仓: LONG x 1仓 共0.12 BTC  |  📉-2.27%    ║
║  仓1: SL$76,357 TP$82,655 @ $78,719 (0.12BTC)  ║
╠══════════════════════════════════════════════════════════════╣
║  🎯 【做多-v2.2】大周期空头+5m超卖反弹
理由: 4h+1d均线空头,价格跌至布林下轨偏离-0.0%
║
╚══════════════════════════════════════════════════════════════╝
[15:04:42] ✅ SL/TP检查正常 (交易所查询) 1个仓位全部完整

╔══════════════════════════════════════════════════════════════╗
║  BTC AUTO-TRADE  15:04:45                        ║
╠══════════════════════════════════════════════════════════════╣
║  💰    76,946.00  |  ATR:    342  |  %b: 0.768 ⚖️正常       ║
╠══════════════════════════════════════════════════════════════╣
║  4h: 📉  |  1d: 📉  |  RSI: ⚖️55.8        ║
╠══════════════════════════════════════════════════════════════╣
║  📊 持仓: LONG x 1仓 共0.12 BTC  |  📉-2.25%    ║
║  仓1: SL$76,357 TP$82,655 @ $78,719 (0.12BTC)  ║
╠══════════════════════════════════════════════════════════════╣
║  🎯 【做多-v2.2】大周期空头+5m超卖反弹
理由: 4h+1d均线空头,价格跌至布林下轨偏离-0.0%
║
╚══════════════════════════════════════════════════════════════╝

╔══════════════════════════════════════════════════════════════╗
║  BTC AUTO-TRADE  15:04:47                        ║
╠══════════════════════════════════════════════════════════════╣
║  💰    76,946.00  |  ATR:    342  |  %b: 0.768 ⚖️正常       ║
╠══════════════════════════════════════════════════════════════╣
║  4h: 📉  |  1d: 📉  |  RSI: ⚖️55.8        ║
╠══════════════════════════════════════════════════════════════╣
║  📊 持仓: LONG x 1仓 共0.12 BTC  |  📉-2.25%    ║
║  仓1: SL$76,357 TP$82,655 @ $78,719 (0.12BTC)  ║
╠══════════════════════════════════════════════════════════════╣
║  🎯 【做多-v2.2】大周期空头+5m超卖反弹
理由: 4h+1d均线空头,价格跌至布林下轨偏离-0.0%
║
╚══════════════════════════════════════════════════════════════╝

╔══════════════════════════════════════════════════════════════╗
║  BTC AUTO-TRADE  15:04:50                        ║
╠══════════════════════════════════════════════════════════════╣
║  💰    76,946.00  |  ATR:    342  |  %b: 0.768 ⚖️正常       ║
╠══════════════════════════════════════════════════════════════╣
║  4h: 📉  |  1d: 📉  |  RSI: ⚖️55.8        ║
╠══════════════════════════════════════════════════════════════╣
║  📊 持仓: LONG x 1仓 共0.12 BTC  |  📉-2.25%    ║
║  仓1: SL$76,357 TP$82,655 @ $78,719 (0.12BTC)  ║
╠══════════════════════════════════════════════════════════════╣
║  🎯 【做多-v2.2】大周期空头+5m超卖反弹
理由: 4h+1d均线空头,价格跌至布林下轨偏离-0.0%
║
╚══════════════════════════════════════════════════════════════╝

╔══════════════════════════════════════════════════════════════╗
║  BTC AUTO-TRADE  15:04:52                        ║
╠══════════════════════════════════════════════════════════════╣
║  💰    76,945.90  |  ATR:    342  |  %b: 0.768 ⚖️正常       ║
╠══════════════════════════════════════════════════════════════╣
║  4h: 📉  |  1d: 📉  |  RSI: ⚖️55.8        ║
╠══════════════════════════════════════════════════════════════╣
║  📊 持仓: LONG x 1仓 共0.12 BTC  |  📉-2.25%    ║
║  仓1: SL$76,357 TP$82,655 @ $78,719 (0.12BTC)  ║
╠══════════════════════════════════════════════════════════════╣
║  🎯 【做多-v2.2】大周期空头+5m超卖反弹
理由: 4h+1d均线空头,价格跌至布林下轨偏离-0.0%
║
╚══════════════════════════════════════════════════════════════╝

╔══════════════════════════════════════════════════════════════╗
║  BTC AUTO-TRADE  15:04:55                        ║
╠══════════════════════════════════════════════════════════════╣
║  💰    76,936.00  |  ATR:    342  |  %b: 0.744 ⚖️正常       ║
╠══════════════════════════════════════════════════════════════╣
║  4h: 📉  |  1d: 📉  |  RSI: ⚖️55.2        ║
╠══════════════════════════════════════════════════════════════╣
║  📊 持仓: LONG x 1仓 共0.12 BTC  |  📉-2.26%    ║
║  仓1: SL$76,357 TP$82,655 @ $78,719 (0.12BTC)  ║
╠══════════════════════════════════════════════════════════════╣
║  🎯 【做多-v2.2】大周期空头+5m超卖反弹
理由: 4h+1d均线空头,价格跌至布林下轨偏离-0.0%
║
╚══════════════════════════════════════════════════════════════╝

╔══════════════════════════════════════════════════════════════╗
║  BTC AUTO-TRADE  15:04:57                        ║
╠══════════════════════════════════════════════════════════════╣
║  💰    76,932.20  |  ATR:    342  |  %b: 0.735 ⚖️正常       ║
╠══════════════════════════════════════════════════════════════╣
║  4h: 📉  |  1d: 📉  |  RSI: ⚖️55.0        ║
╠══════════════════════════════════════════════════════════════╣
║  📊 持仓: LONG x 1仓 共0.12 BTC  |  📉-2.27%    ║
║  仓1: SL$76,357 TP$82,655 @ $78,719 (0.12BTC)  ║
╠══════════════════════════════════════════════════════════════╣
║  🎯 【做多-v2.2】大周期空头+5m超卖反弹
理由: 4h+1d均线空头,价格跌至布林下轨偏离-0.0%
║
╚══════════════════════════════════════════════════════════════╝
[15:04:57] ✅ SL/TP检查正常 (交易所查询) 1个仓位全部完整

╔══════════════════════════════════════════════════════════════╗
║  BTC AUTO-TRADE  15:05:00                        ║
╠══════════════════════════════════════════════════════════════╣
║  💰    76,932.20  |  ATR:    342  |  %b: 0.735 ⚖️正常       ║
╠══════════════════════════════════════════════════════════════╣
║  4h: 📉  |  1d: 📉  |  RSI: ⚖️55.0        ║
╠══════════════════════════════════════════════════════════════╣
║  📊 持仓: LONG x 1仓 共0.12 BTC  |  📉-2.27%    ║
║  仓1: SL$76,357 TP$82,655 @ $78,719 (0.12BTC)  ║
╠══════════════════════════════════════════════════════════════╣
║  🎯 【做多-v2.2】大周期空头+5m超卖反弹
理由: 4h+1d均线空头,价格跌至布林下轨偏离-0.0%
║
╚══════════════════════════════════════════════════════════════╝

╔══════════════════════════════════════════════════════════════╗
║  BTC AUTO-TRADE  15:05:04                        ║
╠══════════════════════════════════════════════════════════════╣
║  💰    76,932.30  |  ATR:    342  |  %b: 0.757 ⚖️正常       ║
╠══════════════════════════════════════════════════════════════╣
║  4h: 📉  |  1d: 📉  |  RSI: ⚖️55.0        ║
╠══════════════════════════════════════════════════════════════╣
║  📊 持仓: LONG x 1仓 共0.12 BTC  |  📉-2.27%    ║
║  仓1: SL$76,357 TP$82,655 @ $78,719 (0.12BTC)  ║
╠══════════════════════════════════════════════════════════════╣
║  🎯 【做多-v2.2】大周期空头+5m超卖反弹
理由: 4h+1d均线空头,价格跌至布林下轨偏离-0.0%
║
╚══════════════════════════════════════════════════════════════╝

╔══════════════════════════════════════════════════════════════╗
║  BTC AUTO-TRADE  15:05:07                        ║
╠══════════════════════════════════════════════════════════════╣
║  💰    76,932.30  |  ATR:    342  |  %b: 0.757 ⚖️正常       ║
╠══════════════════════════════════════════════════════════════╣
║  4h: 📉  |  1d: 📉  |  RSI: ⚖️55.0        ║
╠══════════════════════════════════════════════════════════════╣
║  📊 持仓: LONG x 1仓 共0.12 BTC  |  📉-2.27%    ║
║  仓1: SL$76,357 TP$82,655 @ $78,719 (0.12BTC)  ║
╠══════════════════════════════════════════════════════════════╣
║  🎯 【做多-v2.2】大周期空头+5m超卖反弹
理由: 4h+1d均线空头,价格跌至布林下轨偏离-0.0%
║
╚══════════════════════════════════════════════════════════════╝

╔══════════════════════════════════════════════════════════════╗
║  BTC AUTO-TRADE  15:05:10                        ║
╠══════════════════════════════════════════════════════════════╣
║  💰    76,932.30  |  ATR:    342  |  %b: 0.757 ⚖️正常       ║
╠══════════════════════════════════════════════════════════════╣
║  4h: 📉  |  1d: 📉  |  RSI: ⚖️55.0        ║
╠══════════════════════════════════════════════════════════════╣
║  📊 持仓: LONG x 1仓 共0.12 BTC  |  📉-2.27%    ║
║  仓1: SL$76,357 TP$82,655 @ $78,719 (0.12BTC)  ║
╠══════════════════════════════════════════════════════════════╣
║  🎯 【做多-v2.2】大周期空头+5m超卖反弹
理由: 4h+1d均线空头,价格跌至布林下轨偏离-0.0%
║
╚══════════════════════════════════════════════════════════════╝

╔══════════════════════════════════════════════════════════════╗
║  BTC AUTO-TRADE  15:05:12                        ║
╠══════════════════════════════════════════════════════════════╣
║  💰    76,932.30  |  ATR:    342  |  %b: 0.757 ⚖️正常       ║
╠══════════════════════════════════════════════════════════════╣
║  4h: 📉  |  1d: 📉  |  RSI: ⚖️55.0        ║
╠══════════════════════════════════════════════════════════════╣
║  📊 持仓: LONG x 1仓 共0.12 BTC  |  📉-2.27%    ║
║  仓1: SL$76,357 TP$82,655 @ $78,719 (0.12BTC)  ║
╠══════════════════════════════════════════════════════════════╣
║  🎯 【做多-v2.2】大周期空头+5m超卖反弹
理由: 4h+1d均线空头,价格跌至布林下轨偏离-0.0%
║
╚══════════════════════════════════════════════════════════════╝

╔══════════════════════════════════════════════════════════════╗
║  BTC AUTO-TRADE  15:05:14                        ║
╠══════════════════════════════════════════════════════════════╣
║  💰    76,932.30  |  ATR:    342  |  %b: 0.757 ⚖️正常       ║
╠══════════════════════════════════════════════════════════════╣
║  4h: 📉  |  1d: 📉  |  RSI: ⚖️55.0        ║
╠══════════════════════════════════════════════════════════════╣
║  📊 持仓: LONG x 1仓 共0.12 BTC  |  📉-2.27%    ║
║  仓1: SL$76,357 TP$82,655 @ $78,719 (0.12BTC)  ║
╠══════════════════════════════════════════════════════════════╣
║  🎯 【做多-v2.2】大周期空头+5m超卖反弹
理由: 4h+1d均线空头,价格跌至布林下轨偏离-0.0%
║
╚══════════════════════════════════════════════════════════════╝
[15:05:15] ✅ SL/TP检查正常 (交易所查询) 1个仓位全部完整

╔══════════════════════════════════════════════════════════════╗
║  BTC AUTO-TRADE  15:05:17                        ║
╠══════════════════════════════════════════════════════════════╣
║  💰    76,932.30  |  ATR:    342  |  %b: 0.757 ⚖️正常       ║
╠══════════════════════════════════════════════════════════════╣
║  4h: 📉  |  1d: 📉  |  RSI: ⚖️55.0        ║
╠══════════════════════════════════════════════════════════════╣
║  📊 持仓: LONG x 1仓 共0.12 BTC  |  📉-2.27%    ║
║  仓1: SL$76,357 TP$82,655 @ $78,719 (0.12BTC)  ║
╠══════════════════════════════════════════════════════════════╣
║  🎯 【做多-v2.2】大周期空头+5m超卖反弹
理由: 4h+1d均线空头,价格跌至布林下轨偏离-0.0%
║
╚══════════════════════════════════════════════════════════════╝

╔══════════════════════════════════════════════════════════════╗
║  BTC AUTO-TRADE  15:05:20                        ║
╠══════════════════════════════════════════════════════════════╣
║  💰    76,932.20  |  ATR:    342  |  %b: 0.756 ⚖️正常       ║
╠══════════════════════════════════════════════════════════════╣
║  4h: 📉  |  1d: 📉  |  RSI: ⚖️55.0        ║
╠══════════════════════════════════════════════════════════════╣
║  📊 持仓: LONG x 1仓 共0.12 BTC  |  📉-2.27%    ║
║  仓1: SL$76,357 TP$82,655 @ $78,719 (0.12BTC)  ║
╠══════════════════════════════════════════════════════════════╣
║  🎯 【做多-v2.2】大周期空头+5m超卖反弹
理由: 4h+1d均线空头,价格跌至布林下轨偏离-0.0%
║
╚══════════════════════════════════════════════════════════════╝

╔══════════════════════════════════════════════════════════════╗
║  BTC AUTO-TRADE  15:05:22                        ║
╠══════════════════════════════════════════════════════════════╣
║  💰    76,936.00  |  ATR:    342  |  %b: 0.766 ⚖️正常       ║
╠══════════════════════════════════════════════════════════════╣
║  4h: 📉  |  1d: 📉  |  RSI: ⚖️55.3        ║
╠══════════════════════════════════════════════════════════════╣
║  📊 持仓: LONG x 1仓 共0.12 BTC  |  📉-2.26%    ║
║  仓1: SL$76,357 TP$82,655 @ $78,719 (0.12BTC)  ║
╠══════════════════════════════════════════════════════════════╣
║  🎯 【做多-v2.2】大周期空头+5m超卖反弹
理由: 4h+1d均线空头,价格跌至布林下轨偏离-0.0%
║
╚══════════════════════════════════════════════════════════════╝

╔══════════════════════════════════════════════════════════════╗
║  BTC AUTO-TRADE  15:05:24                        ║
╠══════════════════════════════════════════════════════════════╣
║  💰    76,936.00  |  ATR:    342  |  %b: 0.766 ⚖️正常       ║
╠══════════════════════════════════════════════════════════════╣
║  4h: 📉  |  1d: 📉  |  RSI: ⚖️55.3        ║
╠══════════════════════════════════════════════════════════════╣
║  📊 持仓: LONG x 1仓 共0.12 BTC  |  📉-2.26%    ║
║  仓1: SL$76,357 TP$82,655 @ $78,719 (0.12BTC)  ║
╠══════════════════════════════════════════════════════════════╣
║  🎯 【做多-v2.2】大周期空头+5m超卖反弹
理由: 4h+1d均线空头,价格跌至布林下轨偏离-0.0%
║
╚══════════════════════════════════════════════════════════════╝

╔══════════════════════════════════════════════════════════════╗
║  BTC AUTO-TRADE  15:05:27                        ║
╠══════════════════════════════════════════════════════════════╣
║  💰    76,936.10  |  ATR:    342  |  %b: 0.766 ⚖️正常       ║
╠══════════════════════════════════════════════════════════════╣
║  4h: 📉  |  1d: 📉  |  RSI: ⚖️55.3        ║
╠══════════════════════════════════════════════════════════════╣
║  📊 持仓: LONG x 1仓 共0.12 BTC  |  📉-2.26%    ║
║  仓1: SL$76,357 TP$82,655 @ $78,719 (0.12BTC)  ║
╠══════════════════════════════════════════════════════════════╣
║  🎯 【做多-v2.2】大周期空头+5m超卖反弹
理由: 4h+1d均线空头,价格跌至布林下轨偏离-0.0%
║
╚══════════════════════════════════════════════════════════════╝

╔══════════════════════════════════════════════════════════════╗
║  BTC AUTO-TRADE  15:05:29                        ║
╠══════════════════════════════════════════════════════════════╣
║  💰    76,936.00  |  ATR:    342  |  %b: 0.766 ⚖️正常       ║
╠══════════════════════════════════════════════════════════════╣
║  4h: 📉  |  1d: 📉  |  RSI: ⚖️55.3        ║
╠══════════════════════════════════════════════════════════════╣
║  📊 持仓: LONG x 1仓 共0.12 BTC  |  📉-2.26%    ║
║  仓1: SL$76,357 TP$82,655 @ $78,719 (0.12BTC)  ║
╠══════════════════════════════════════════════════════════════╣
║  🎯 【做多-v2.2】大周期空头+5m超卖反弹
理由: 4h+1d均线空头,价格跌至布林下轨偏离-0.0%
║
╚══════════════════════════════════════════════════════════════╝
[15:05:29] ✅ SL/TP检查正常 (交易所查询) 1个仓位全部完整

╔══════════════════════════════════════════════════════════════╗
║  BTC AUTO-TRADE  15:05:32                        ║
╠══════════════════════════════════════════════════════════════╣
║  💰    76,936.10  |  ATR:    342  |  %b: 0.766 ⚖️正常       ║
╠══════════════════════════════════════════════════════════════╣
║  4h: 📉  |  1d: 📉  |  RSI: ⚖️55.3        ║
╠══════════════════════════════════════════════════════════════╣
║  📊 持仓: LONG x 1仓 共0.12 BTC  |  📉-2.26%    ║
║  仓1: SL$76,357 TP$82,655 @ $78,719 (0.12BTC)  ║
╠══════════════════════════════════════════════════════════════╣
║  🎯 【做多-v2.2】大周期空头+5m超卖反弹
理由: 4h+1d均线空头,价格跌至布林下轨偏离-0.0%
║
╚══════════════════════════════════════════════════════════════╝

╔══════════════════════════════════════════════════════════════╗
║  BTC AUTO-TRADE  15:05:34                        ║
╠══════════════════════════════════════════════════════════════╣
║  💰    76,936.10  |  ATR:    342  |  %b: 0.766 ⚖️正常       ║
╠══════════════════════════════════════════════════════════════╣
║  4h: 📉  |  1d: 📉  |  RSI: ⚖️55.3        ║
╠══════════════════════════════════════════════════════════════╣
║  📊 持仓: LONG x 1仓 共0.12 BTC  |  📉-2.26%    ║
║  仓1: SL$76,357 TP$82,655 @ $78,719 (0.12BTC)  ║
╠══════════════════════════════════════════════════════════════╣
║  🎯 【做多-v2.2】大周期空头+5m超卖反弹
理由: 4h+1d均线空头,价格跌至布林下轨偏离-0.0%
║
╚══════════════════════════════════════════════════════════════╝

╔══════════════════════════════════════════════════════════════╗
║  BTC AUTO-TRADE  15:05:37                        ║
╠══════════════════════════════════════════════════════════════╣
║  💰    76,941.20  |  ATR:    342  |  %b: 0.779 ⚖️正常       ║
╠══════════════════════════════════════════════════════════════╣
║  4h: 📉  |  1d: 📉  |  RSI: ⚖️55.6        ║
╠══════════════════════════════════════════════════════════════╣
║  📊 持仓: LONG x 1仓 共0.12 BTC  |  📉-2.26%    ║
║  仓1: SL$76,357 TP$82,655 @ $78,719 (0.12BTC)  ║
╠══════════════════════════════════════════════════════════════╣
║  🎯 【做多-v2.2】大周期空头+5m超卖反弹
理由: 4h+1d均线空头,价格跌至布林下轨偏离-0.0%
║
╚══════════════════════════════════════════════════════════════╝

╔══════════════════════════════════════════════════════════════╗
║  BTC AUTO-TRADE  15:05:39                        ║
╠══════════════════════════════════════════════════════════════╣
║  💰    76,941.30  |  ATR:    342  |  %b: 0.779 ⚖️正常       ║
╠══════════════════════════════════════════════════════════════╣
║  4h: 📉  |  1d: 📉  |  RSI: ⚖️55.6        ║
╠══════════════════════════════════════════════════════════════╣
║  📊 持仓: LONG x 1仓 共0.12 BTC  |  📉-2.26%    ║
║  仓1: SL$76,357 TP$82,655 @ $78,719 (0.12BTC)  ║
╠══════════════════════════════════════════════════════════════╣
║  🎯 【做多-v2.2】大周期空头+5m超卖反弹
理由: 4h+1d均线空头,价格跌至布林下轨偏离-0.0%
║
╚══════════════════════════════════════════════════════════════╝

╔══════════════════════════════════════════════════════════════╗
║  BTC AUTO-TRADE  15:05:42                        ║
╠══════════════════════════════════════════════════════════════╣
║  💰    76,941.20  |  ATR:    342  |  %b: 0.779 ⚖️正常       ║
╠══════════════════════════════════════════════════════════════╣
║  4h: 📉  |  1d: 📉  |  RSI: ⚖️55.6        ║
╠══════════════════════════════════════════════════════════════╣
║  📊 持仓: LONG x 1仓 共0.12 BTC  |  📉-2.26%    ║
║  仓1: SL$76,357 TP$82,655 @ $78,719 (0.12BTC)  ║
╠══════════════════════════════════════════════════════════════╣
║  🎯 【做多-v2.2】大周期空头+5m超卖反弹
理由: 4h+1d均线空头,价格跌至布林下轨偏离-0.0%
║
╚══════════════════════════════════════════════════════════════╝

╔══════════════════════════════════════════════════════════════╗
║  BTC AUTO-TRADE  15:05:44                        ║
╠══════════════════════════════════════════════════════════════╣
║  💰    76,941.30  |  ATR:    342  |  %b: 0.779 ⚖️正常       ║
╠══════════════════════════════════════════════════════════════╣
║  4h: 📉  |  1d: 📉  |  RSI: ⚖️55.6        ║
╠══════════════════════════════════════════════════════════════╣
║  📊 持仓: LONG x 1仓 共0.12 BTC  |  📉-2.26%    ║
║  仓1: SL$76,357 TP$82,655 @ $78,719 (0.12BTC)  ║
╠══════════════════════════════════════════════════════════════╣
║  🎯 【做多-v2.2】大周期空头+5m超卖反弹
理由: 4h+1d均线空头,价格跌至布林下轨偏离-0.0%
║
╚══════════════════════════════════════════════════════════════╝
[15:05:44] ✅ SL/TP检查正常 (交易所查询) 1个仓位全部完整

╔══════════════════════════════════════════════════════════════╗
║  BTC AUTO-TRADE  15:05:47                        ║
╠══════════════════════════════════════════════════════════════╣
║  💰    76,932.30  |  ATR:    342  |  %b: 0.757 ⚖️正常       ║
╠══════════════════════════════════════════════════════════════╣
║  4h: 📉  |  1d: 📉  |  RSI: ⚖️55.0        ║
╠══════════════════════════════════════════════════════════════╣
║  📊 持仓: LONG x 1仓 共0.12 BTC  |  📉-2.27%    ║
║  仓1: SL$76,357 TP$82,655 @ $78,719 (0.12BTC)  ║
╠══════════════════════════════════════════════════════════════╣
║  🎯 【做多-v2.2】大周期空头+5m超卖反弹
理由: 4h+1d均线空头,价格跌至布林下轨偏离-0.0%
║
╚══════════════════════════════════════════════════════════════╝

╔══════════════════════════════════════════════════════════════╗
║  BTC AUTO-TRADE  15:05:49                        ║
╠══════════════════════════════════════════════════════════════╣
║  💰    76,932.30  |  ATR:    342  |  %b: 0.757 ⚖️正常       ║
╠══════════════════════════════════════════════════════════════╣
║  4h: 📉  |  1d: 📉  |  RSI: ⚖️55.0        ║
╠══════════════════════════════════════════════════════════════╣
║  📊 持仓: LONG x 1仓 共0.12 BTC  |  📉-2.27%    ║
║  仓1: SL$76,357 TP$82,655 @ $78,719 (0.12BTC)  ║
╠══════════════════════════════════════════════════════════════╣
║  🎯 【做多-v2.2】大周期空头+5m超卖反弹
理由: 4h+1d均线空头,价格跌至布林下轨偏离-0.0%
║
╚══════════════════════════════════════════════════════════════╝

╔══════════════════════════════════════════════════════════════╗
║  BTC AUTO-TRADE  15:05:52                        ║
╠══════════════════════════════════════════════════════════════╣
║  💰    76,932.30  |  ATR:    342  |  %b: 0.757 ⚖️正常       ║
╠══════════════════════════════════════════════════════════════╣
║  4h: 📉  |  1d: 📉  |  RSI: ⚖️55.0        ║
╠══════════════════════════════════════════════════════════════╣
║  📊 持仓: LONG x 1仓 共0.12 BTC  |  📉-2.27%    ║
║  仓1: SL$76,357 TP$82,655 @ $78,719 (0.12BTC)  ║
╠══════════════════════════════════════════════════════════════╣
║  🎯 【做多-v2.2】大周期空头+5m超卖反弹
理由: 4h+1d均线空头,价格跌至布林下轨偏离-0.0%
║
╚══════════════════════════════════════════════════════════════╝

╔══════════════════════════════════════════════════════════════╗
║  BTC AUTO-TRADE  15:05:54                        ║
╠══════════════════════════════════════════════════════════════╣
║  💰    76,932.40  |  ATR:    342  |  %b: 0.757 ⚖️正常       ║
╠══════════════════════════════════════════════════════════════╣
║  4h: 📉  |  1d: 📉  |  RSI: ⚖️55.0        ║
╠══════════════════════════════════════════════════════════════╣
║  📊 持仓: LONG x 1仓 共0.12 BTC  |  📉-2.27%    ║
║  仓1: SL$76,357 TP$82,655 @ $78,719 (0.12BTC)  ║
╠══════════════════════════════════════════════════════════════╣
║  🎯 【做多-v2.2】大周期空头+5m超卖反弹
理由: 4h+1d均线空头,价格跌至布林下轨偏离-0.0%
║
╚══════════════════════════════════════════════════════════════╝

╔══════════════════════════════════════════════════════════════╗
║  BTC AUTO-TRADE  15:05:57                        ║
╠══════════════════════════════════════════════════════════════╣
║  💰    76,932.40  |  ATR:    342  |  %b: 0.757 ⚖️正常       ║
╠══════════════════════════════════════════════════════════════╣
║  4h: 📉  |  1d: 📉  |  RSI: ⚖️55.0        ║
╠══════════════════════════════════════════════════════════════╣
║  📊 持仓: LONG x 1仓 共0.12 BTC  |  📉-2.27%    ║
║  仓1: SL$76,357 TP$82,655 @ $78,719 (0.12BTC)  ║
╠══════════════════════════════════════════════════════════════╣
║  🎯 【做多-v2.2】大周期空头+5m超卖反弹
理由: 4h+1d均线空头,价格跌至布林下轨偏离-0.0%
║
╚══════════════════════════════════════════════════════════════╝

╔══════════════════════════════════════════════════════════════╗
║  BTC AUTO-TRADE  15:05:59                        ║
╠══════════════════════════════════════════════════════════════╣
║  💰    76,918.10  |  ATR:    342  |  %b: 0.720 ⚖️正常       ║
╠══════════════════════════════════════════════════════════════╣
║  4h: 📉  |  1d: 📉  |  RSI: ⚖️54.0        ║
╠══════════════════════════════════════════════════════════════╣
║  📊 持仓: LONG x 1仓 共0.12 BTC  |  📉-2.29%    ║
║  仓1: SL$76,357 TP$82,655 @ $78,719 (0.12BTC)  ║
╠══════════════════════════════════════════════════════════════╣
║  🎯 【做多-v2.2】大周期空头+5m超卖反弹
理由: 4h+1d均线空头,价格跌至布林下轨偏离-0.0%
║
╚══════════════════════════════════════════════════════════════╝
[15:05:59] ✅ SL/TP检查正常 (交易所查询) 1个仓位全部完整

╔══════════════════════════════════════════════════════════════╗
║  BTC AUTO-TRADE  15:06:02                        ║
╠══════════════════════════════════════════════════════════════╣
║  💰    76,918.10  |  ATR:    342  |  %b: 0.720 ⚖️正常       ║
╠══════════════════════════════════════════════════════════════╣
║  4h: 📉  |  1d: 📉  |  RSI: ⚖️54.0        ║
╠══════════════════════════════════════════════════════════════╣
║  📊 持仓: LONG x 1仓 共0.12 BTC  |  📉-2.29%    ║
║  仓1: SL$76,357 TP$82,655 @ $78,719 (0.12BTC)  ║
╠══════════════════════════════════════════════════════════════╣
║  🎯 【做多-v2.2】大周期空头+5m超卖反弹
理由: 4h+1d均线空头,价格跌至布林下轨偏离-0.0%
║
╚══════════════════════════════════════════════════════════════╝

╔══════════════════════════════════════════════════════════════╗
║  BTC AUTO-TRADE  15:06:04                        ║
╠══════════════════════════════════════════════════════════════╣
║  💰    76,924.60  |  ATR:    342  |  %b: 0.737 ⚖️正常       ║
╠══════════════════════════════════════════════════════════════╣
║  4h: 📉  |  1d: 📉  |  RSI: ⚖️54.4        ║
╠══════════════════════════════════════════════════════════════╣
║  📊 持仓: LONG x 1仓 共0.12 BTC  |  📉-2.28%    ║
║  仓1: SL$76,357 TP$82,655 @ $78,719 (0.12BTC)  ║
╠══════════════════════════════════════════════════════════════╣
║  🎯 【做多-v2.2】大周期空头+5m超卖反弹
理由: 4h+1d均线空头,价格跌至布林下轨偏离-0.0%
║
╚══════════════════════════════════════════════════════════════╝

╔══════════════════════════════════════════════════════════════╗
║  BTC AUTO-TRADE  15:06:07                        ║
╠══════════════════════════════════════════════════════════════╣
║  💰    76,924.60  |  ATR:    342  |  %b: 0.737 ⚖️正常       ║
╠══════════════════════════════════════════════════════════════╣
║  4h: 📉  |  1d: 📉  |  RSI: ⚖️54.4        ║
╠══════════════════════════════════════════════════════════════╣
║  📊 持仓: LONG x 1仓 共0.12 BTC  |  📉-2.28%    ║
║  仓1: SL$76,357 TP$82,655 @ $78,719 (0.12BTC)  ║
╠══════════════════════════════════════════════════════════════╣
║  🎯 【做多-v2.2】大周期空头+5m超卖反弹
理由: 4h+1d均线空头,价格跌至布林下轨偏离-0.0%
║
╚══════════════════════════════════════════════════════════════╝

╔══════════════════════════════════════════════════════════════╗
║  BTC AUTO-TRADE  15:06:09                        ║
╠══════════════════════════════════════════════════════════════╣
║  💰    76,924.60  |  ATR:    342  |  %b: 0.737 ⚖️正常       ║
╠══════════════════════════════════════════════════════════════╣
║  4h: 📉  |  1d: 📉  |  RSI: ⚖️54.4        ║
╠══════════════════════════════════════════════════════════════╣
║  📊 持仓: LONG x 1仓 共0.12 BTC  |  📉-2.28%    ║
║  仓1: SL$76,357 TP$82,655 @ $78,719 (0.12BTC)  ║
╠══════════════════════════════════════════════════════════════╣
║  🎯 【做多-v2.2】大周期空头+5m超卖反弹
理由: 4h+1d均线空头,价格跌至布林下轨偏离-0.0%
║
╚══════════════════════════════════════════════════════════════╝

╔══════════════════════════════════════════════════════════════╗
║  BTC AUTO-TRADE  15:06:12                        ║
╠══════════════════════════════════════════════════════════════╣
║  💰    76,924.60  |  ATR:    342  |  %b: 0.737 ⚖️正常       ║
╠══════════════════════════════════════════════════════════════╣
║  4h: 📉  |  1d: 📉  |  RSI: ⚖️54.4        ║
╠══════════════════════════════════════════════════════════════╣
║  📊 持仓: LONG x 1仓 共0.12 BTC  |  📉-2.28%    ║
║  仓1: SL$76,357 TP$82,655 @ $78,719 (0.12BTC)  ║
╠══════════════════════════════════════════════════════════════╣
║  🎯 【做多-v2.2】大周期空头+5m超卖反弹
理由: 4h+1d均线空头,价格跌至布林下轨偏离-0.0%
║
╚══════════════════════════════════════════════════════════════╝

╔══════════════════════════════════════════════════════════════╗
║  BTC AUTO-TRADE  15:06:14                        ║
╠══════════════════════════════════════════════════════════════╣
║  💰    76,924.60  |  ATR:    342  |  %b: 0.737 ⚖️正常       ║
╠══════════════════════════════════════════════════════════════╣
║  4h: 📉  |  1d: 📉  |  RSI: ⚖️54.4        ║
╠══════════════════════════════════════════════════════════════╣
║  📊 持仓: LONG x 1仓 共0.12 BTC  |  📉-2.28%    ║
║  仓1: SL$76,357 TP$82,655 @ $78,719 (0.12BTC)  ║
╠══════════════════════════════════════════════════════════════╣
║  🎯 【做多-v2.2】大周期空头+5m超卖反弹
理由: 4h+1d均线空头,价格跌至布林下轨偏离-0.0%
║
╚══════════════════════════════════════════════════════════════╝
[15:06:14] ✅ SL/TP检查正常 (交易所查询) 1个仓位全部完整

╔══════════════════════════════════════════════════════════════╗
║  BTC AUTO-TRADE  15:06:17                        ║
╠══════════════════════════════════════════════════════════════╣
║  💰    76,924.50  |  ATR:    342  |  %b: 0.737 ⚖️正常       ║
╠══════════════════════════════════════════════════════════════╣
║  4h: 📉  |  1d: 📉  |  RSI: ⚖️54.4        ║
╠══════════════════════════════════════════════════════════════╣
║  📊 持仓: LONG x 1仓 共0.12 BTC  |  📉-2.28%    ║
║  仓1: SL$76,357 TP$82,655 @ $78,719 (0.12BTC)  ║
╠══════════════════════════════════════════════════════════════╣
║  🎯 【做多-v2.2】大周期空头+5m超卖反弹
理由: 4h+1d均线空头,价格跌至布林下轨偏离-0.0%
║
╚══════════════════════════════════════════════════════════════╝

╔══════════════════════════════════════════════════════════════╗
║  BTC AUTO-TRADE  15:06:19                        ║
╠══════════════════════════════════════════════════════════════╣
║  💰    76,924.60  |  ATR:    342  |  %b: 0.737 ⚖️正常       ║
╠══════════════════════════════════════════════════════════════╣
║  4h: 📉  |  1d: 📉  |  RSI: ⚖️54.4        ║
╠══════════════════════════════════════════════════════════════╣
║  📊 持仓: LONG x 1仓 共0.12 BTC  |  📉-2.28%    ║
║  仓1: SL$76,357 TP$82,655 @ $78,719 (0.12BTC)  ║
╠══════════════════════════════════════════════════════════════╣
║  🎯 【做多-v2.2】大周期空头+5m超卖反弹
理由: 4h+1d均线空头,价格跌至布林下轨偏离-0.0%
║
╚══════════════════════════════════════════════════════════════╝